"alpha_0^0","alpha_1^0","alpha_1^1","radiation flux density","u_0^0","u_1^0","u_1^1","vtkValidPointMask","arc_length","Points:0","Points:1","Points:2"
-1.1449,-0.0052755,0.02814,0.00031416,0.0001,-1.6093e-22,-1.1967e-21,1,0,-1,-1,0
-1.1449,-0.0053201,0.028094,0.00031417,0.0001,-1.2726e-08,1.3753e-08,1,0.0028284,-0.998,-0.998,0
-1.1449,-0.0054537,0.027955,0.0003142,0.00010001,-5.0907e-08,5.5012e-08,1,0.0056569,-0.996,-0.996,0
-1.1449,-0.0056763,0.027724,0.00031426,0.00010003,-1.1454e-07,1.2378e-07,1,0.0084853,-0.994,-0.994,0
-1.1449,-0.005988,0.0274,0.00031433,0.00010005,-2.0363e-07,2.2005e-07,1,0.011314,-0.992,-0.992,0
-1.1449,-0.0063888,0.026983,0.00031443,0.00010009,-3.1816e-07,3.4383e-07,1,0.014142,-0.99,-0.99,0
-1.1449,-0.0068876,0.026419,0.00031455,0.00010012,-4.5955e-07,4.9086e-07,1,0.016971,-0.988,-0.988,0
-1.1449,-0.0074901,0.025736,0.00031469,0.00010017,-6.2753e-07,6.6321e-07,1,0.019799,-0.986,-0.986,0
-1.1448,-0.0081965,0.024934,0.00031485,0.00010022,-8.2211e-07,8.6091e-07,1,0.022627,-0.984,-0.984,0
-1.1448,-0.0090066,0.024013,0.00031503,0.00010028,-1.0433e-06,1.0839e-06,1,0.025456,-0.982,-0.982,0
-1.1448,-0.0099206,0.022974,0.00031522,0.00010034,-1.2911e-06,1.3323e-06,1,0.028284,-0.98,-0.98,0
-1.1448,-0.0097917,0.022638,0.00031523,0.00010034,-1.29e-06,1.3124e-06,1,0.031113,-0.978,-0.978,0
-1.1448,-0.0096518,0.022212,0.00031522,0.00010034,-1.2896e-06,1.287e-06,1,0.033941,-0.976,-0.976,0
-1.1448,-0.0095011,0.021695,0.00031521,0.00010034,-1.2899e-06,1.256e-06,1,0.03677,-0.974,-0.974,0
-1.1448,-0.0093395,0.021088,0.0003152,0.00010033,-1.291e-06,1.2194e-06,1,0.039598,-0.972,-0.972,0
-1.1448,-0.0091669,0.02039,0.00031517,0.00010032,-1.2928e-06,1.1773e-06,1,0.042426,-0.97,-0.97,0
-1.1448,-0.0083578,0.019564,0.00031517,0.00010032,-1.2647e-06,1.1436e-06,1,0.045255,-0.968,-0.968,0
-1.1448,-0.0075079,0.018669,0.00031517,0.00010032,-1.2359e-06,1.1059e-06,1,0.048083,-0.966,-0.966,0
-1.1448,-0.0066171,0.017706,0.00031515,0.00010032,-1.2063e-06,1.0643e-06,1,0.050912,-0.964,-0.964,0
-1.1448,-0.0056857,0.016675,0.00031513,0.00010031,-1.1758e-06,1.0186e-06,1,0.05374,-0.962,-0.962,0
-1.1448,-0.0047134,0.015576,0.0003151,0.0001003,-1.1445e-06,9.6904e-07,1,0.056569,-0.96,-0.96,0
-1.1448,-0.0037078,0.014946,0.00031508,0.00010029,-1.1021e-06,9.5924e-07,1,0.059397,-0.958,-0.958,0
-1.1448,-0.0027674,0.014386,0.00031507,0.00010029,-1.0618e-06,9.5348e-07,1,0.062225,-0.956,-0.956,0
-1.1448,-0.0018924,0.013896,0.00031508,0.00010029,-1.0235e-06,9.5177e-07,1,0.065054,-0.954,-0.954,0
-1.1448,-0.0010828,0.013475,0.00031509,0.0001003,-9.8722e-07,9.541e-07,1,0.067882,-0.952,-0.952,0
-1.1448,-0.00033838,0.013125,0.00031511,0.0001003,-9.5303e-07,9.6048e-07,1,0.070711,-0.95,-0.95,0
-1.1448,9.694e-06,0.013279,0.00031532,0.00010037,-8.7317e-07,9.2806e-07,1,0.073539,-0.948,-0.948,0
-1.1448,0.00024003,0.013421,0.00031551,0.00010043,-8.0238e-07,8.8758e-07,1,0.076368,-0.946,-0.946,0
-1.1448,0.00035263,0.01355,0.00031569,0.00010049,-7.4067e-07,8.3905e-07,1,0.079196,-0.944,-0.944,0
-1.1448,0.00034747,0.013667,0.00031586,0.00010054,-6.8804e-07,7.8246e-07,1,0.082024,-0.942,-0.942,0
-1.1448,0.00022458,0.013771,0.00031601,0.00010059,-6.4447e-07,7.1781e-07,1,0.084853,-0.94,-0.94,0
-1.1448,0.0010912,0.013574,0.00031616,0.00010064,-6.2219e-07,8.2908e-07,1,0.087681,-0.938,-0.938,0
-1.1448,0.0018475,0.013382,0.00031627,0.00010067,-6.0865e-07,9.3541e-07,1,0.09051,-0.936,-0.936,0
-1.1448,0.0024934,0.013196,0.00031634,0.00010069,-6.0388e-07,1.0368e-06,1,0.093338,-0.934,-0.934,0
-1.1448,0.0030289,0.013017,0.00031637,0.0001007,-6.0786e-07,1.1332e-06,1,0.096167,-0.932,-0.932,0
-1.1448,0.003454,0.012843,0.00031635,0.0001007,-6.206e-07,1.2247e-06,1,0.098995,-0.93,-0.93,0
-1.1448,0.0042698,0.012453,0.00031636,0.0001007,-5.4471e-07,1.2452e-06,1,0.10182,-0.928,-0.928,0
-1.1448,0.0049009,0.012215,0.00031634,0.00010069,-4.8557e-07,1.2634e-06,1,0.10465,-0.926,-0.926,0
-1.1448,0.0053473,0.012128,0.00031628,0.00010068,-4.4316e-07,1.2793e-06,1,0.10748,-0.924,-0.924,0
-1.1448,0.0056089,0.012193,0.0003162,0.00010065,-4.1749e-07,1.2929e-06,1,0.11031,-0.922,-0.922,0
-1.1448,0.0056859,0.012409,0.00031608,0.00010061,-4.0856e-07,1.3042e-06,1,0.11314,-0.92,-0.92,0
-1.1448,0.00524,0.011139,0.00031618,0.00010064,-3.9067e-07,1.1905e-06,1,0.11597,-0.918,-0.918,0
-1.1448,0.0048966,0.010125,0.00031621,0.00010065,-3.8357e-07,1.1079e-06,1,0.11879,-0.916,-0.916,0
-1.1448,0.0046557,0.0093669,0.00031617,0.00010064,-3.8724e-07,1.0564e-06,1,0.12162,-0.914,-0.914,0
-1.1448,0.0045172,0.008865,0.00031606,0.0001006,-4.0169e-07,1.0359e-06,1,0.12445,-0.912,-0.912,0
-1.1448,0.0044811,0.0086191,0.00031588,0.00010055,-4.2693e-07,1.0466e-06,1,0.12728,-0.91,-0.91,0
-1.1448,0.0046161,0.0073105,0.0003158,0.00010052,-2.872e-07,9.4985e-07,1,0.13011,-0.908,-0.908,0
-1.1448,0.0050794,0.0061668,0.00031566,0.00010048,-1.5569e-07,8.9432e-07,1,0.13294,-0.906,-0.906,0
-1.1448,0.005871,0.0051882,0.00031547,0.00010042,-3.2394e-08,8.7998e-07,1,0.13576,-0.904,-0.904,0
-1.1448,0.0069908,0.0043747,0.00031523,0.00010034,8.269e-08,9.0682e-07,1,0.13859,-0.902,-0.902,0
-1.1448,0.0084389,0.0037261,0.00031494,0.00010025,1.8956e-07,9.7484e-07,1,0.14142,-0.9,-0.9,0
-1.1448,0.0078342,0.0039738,0.00031488,0.00010023,1.8425e-07,8.7537e-07,1,0.14425,-0.898,-0.898,0
-1.1448,0.006729,0.0044262,0.00031478,0.0001002,1.3963e-07,7.2885e-07,1,0.14708,-0.896,-0.896,0
-1.1447,0.0051232,0.0050834,0.00031464,0.00010015,5.5681e-08,5.3528e-07,1,0.14991,-0.894,-0.894,0
-1.1447,0.0030171,0.0059453,0.00031445,0.00010009,-6.758e-08,2.9466e-07,1,0.15274,-0.892,-0.892,0
-1.1447,0.00041042,0.0070119,0.00031421,0.00010002,-2.3016e-07,6.9909e-09,1,0.15556,-0.89,-0.89,0
-1.1447,0.00063109,0.0059859,0.00031424,0.00010003,-2.0355e-07,3.2732e-08,1,0.15839,-0.888,-0.888,0
-1.1447,0.0010381,0.0047412,0.00031429,0.00010004,-1.5832e-07,8.6142e-08,1,0.16122,-0.886,-0.886,0
-1.1447,0.0016314,0.0032779,0.00031437,0.00010007,-9.4469e-08,1.6722e-07,1,0.16405,-0.884,-0.884,0
-1.1447,0.002411,0.0015959,0.00031447,0.0001001,-1.2003e-08,2.7596e-07,1,0.16688,-0.882,-0.882,0
-1.1447,0.0033769,-0.00030479,0.00031459,0.00010014,8.9084e-08,4.1237e-07,1,0.16971,-0.88,-0.88,0
-1.1447,0.0033526,-8.7715e-05,0.00031476,0.00010019,5.2356e-08,3.9692e-07,1,0.17253,-0.878,-0.878,0
-1.1447,0.0034029,0.0001698,0.00031492,0.00010024,3.1031e-08,3.9133e-07,1,0.17536,-0.876,-0.876,0
-1.1447,0.0035278,0.00046773,0.00031507,0.00010029,2.5111e-08,3.9561e-07,1,0.17819,-0.874,-0.874,0
-1.1447,0.0037273,0.0008061,0.00031522,0.00010034,3.4596e-08,4.0975e-07,1,0.18102,-0.872,-0.872,0
-1.1447,0.0040014,0.0011849,0.00031535,0.00010038,5.9486e-08,4.3377e-07,1,0.18385,-0.87,-0.87,0
-1.1447,0.0036706,0.0021071,0.00031514,0.00010031,-1.328e-08,3.7018e-07,1,0.18668,-0.868,-0.868,0
-1.1447,0.0037139,0.002951,0.00031501,0.00010027,-8.587e-08,3.4122e-07,1,0.1895,-0.866,-0.866,0
-1.1447,0.0041313,0.0037168,0.00031495,0.00010025,-1.5829e-07,3.4688e-07,1,0.19233,-0.864,-0.864,0
-1.1447,0.0049229,0.0044044,0.00031497,0.00010026,-2.3053e-07,3.8718e-07,1,0.19516,-0.862,-0.862,0
-1.1447,0.0060886,0.0050138,0.00031506,0.00010029,-3.026e-07,4.6209e-07,1,0.19799,-0.86,-0.86,0
-1.1447,0.0042917,0.0044642,0.00031499,0.00010027,-2.946e-07,3.2839e-07,1,0.20082,-0.858,-0.858,0
-1.1447,0.0026748,0.0040194,0.00031497,0.00010026,-2.7375e-07,2.0172e-07,1,0.20365,-0.856,-0.856,0
-1.1447,0.0012379,0.0036795,0.00031499,0.00010026,-2.4005e-07,8.2094e-08,1,0.20648,-0.854,-0.854,0
-1.1447,-1.9163e-05,0.0034444,0.00031505,0.00010028,-1.935e-07,-3.0489e-08,1,0.2093,-0.852,-0.852,0
-1.1447,-0.0010963,0.0033143,0.00031515,0.00010032,-1.341e-07,-1.3603e-07,1,0.21213,-0.85,-0.85,0
-1.1447,-0.0008677,0.0028866,0.00031483,0.00010021,-9.0299e-08,-8.6335e-08,1,0.21496,-0.848,-0.848,0
-1.1447,-0.00070046,0.0027368,0.00031454,0.00010012,-7.4639e-08,-4.6679e-08,1,0.21779,-0.846,-0.846,0
-1.1447,-0.00059455,0.0028648,0.00031431,0.00010005,-8.7118e-08,-1.7064e-08,1,0.22062,-0.844,-0.844,0
-1.1447,-0.00054998,0.0032706,0.00031411,9.9985e-05,-1.2774e-07,2.5076e-09,1,0.22345,-0.842,-0.842,0
-1.1447,-0.00056674,0.0039542,0.00031396,9.9938e-05,-1.9649e-07,1.2038e-08,1,0.22627,-0.84,-0.84,0
-1.1447,-0.00078493,0.0026838,0.00031359,9.982e-05,-6.2917e-08,3.515e-08,1,0.2291,-0.838,-0.838,0
-1.1447,-0.0010407,0.0018122,0.00031322,9.9701e-05,2.6483e-08,2.3828e-08,1,0.23193,-0.836,-0.836,0
-1.1447,-0.0013341,0.0013393,0.00031285,9.9582e-05,7.1708e-08,-2.1931e-08,1,0.23476,-0.834,-0.834,0
-1.1447,-0.0016651,0.0012653,0.00031247,9.9462e-05,7.2758e-08,-1.0212e-07,1,0.23759,-0.832,-0.832,0
-1.1447,-0.0020338,0.0015901,0.00031209,9.9342e-05,2.9631e-08,-2.1675e-07,1,0.24042,-0.83,-0.83,0
-1.1447,-0.0014031,0.0019007,0.00031231,9.941e-05,-5.0967e-08,-1.8187e-07,1,0.24324,-0.828,-0.828,0
-1.1447,-0.00058629,0.0021128,0.00031259,9.95e-05,-9.7458e-08,-1.3227e-07,1,0.24607,-0.826,-0.826,0
-1.1447,0.00041669,0.0022263,0.00031294,9.9613e-05,-1.0984e-07,-6.7964e-08,1,0.2489,-0.824,-0.824,0
-1.1447,0.0016058,0.0022412,0.00031336,9.9747e-05,-8.8114e-08,1.1056e-08,1,0.25173,-0.822,-0.822,0
-1.1447,0.0029812,0.0021575,0.00031385,9.9903e-05,-3.2279e-08,1.0479e-07,1,0.25456,-0.82,-0.82,0
-1.1447,0.0020386,0.0016685,0.00031412,9.9987e-05,1.6787e-08,3.6453e-08,1,0.25739,-0.818,-0.818,0
-1.1447,0.0010836,0.0016926,0.00031433,0.00010005,6.0768e-10,-2.016e-08,1,0.26022,-0.816,-0.816,0
-1.1447,0.00011616,0.0022298,0.00031448,0.0001001,-8.0815e-08,-6.5046e-08,1,0.26304,-0.814,-0.814,0
-1.1447,-0.0008637,0.0032801,0.00031457,0.00010013,-2.2749e-07,-9.8209e-08,1,0.26587,-0.812,-0.812,0
-1.1447,-0.0018559,0.0048435,0.00031461,0.00010014,-4.394e-07,-1.1965e-07,1,0.2687,-0.81,-0.81,0
-1.1447,-0.0021814,0.0036104,0.0003146,0.00010014,-3.892e-07,-1.3172e-07,1,0.27153,-0.808,-0.808,0
-1.1447,-0.0024925,0.0024268,0.00031458,0.00010013,-3.154e-07,-1.5799e-07,1,0.27436,-0.806,-0.806,0
-1.1447,-0.0027892,0.001293,0.00031454,0.00010012,-2.1798e-07,-1.9843e-07,1,0.27719,-0.804,-0.804,0
-1.1447,-0.0030715,0.00020877,0.00031449,0.00010011,-9.6938e-08,-2.5306e-07,1,0.28001,-0.802,-0.802,0
-1.1447,-0.0033394,-0.00082576,0.00031443,0.00010009,4.771e-08,-3.2187e-07,1,0.28284,-0.8,-0.8,0
-1.1447,-0.0015184,-0.0014135,0.00031437,0.00010007,1.5296e-07,-1.8412e-07,1,0.28567,-0.798,-0.798,0
-1.1447,-2.646e-05,-0.0018568,0.00031428,0.00010004,2.2667e-07,-6.8072e-08,1,0.2885,-0.796,-0.796,0
-1.1447,0.0011364,-0.0021555,0.00031417,0.0001,2.6883e-07,2.6284e-08,1,0.29133,-0.794,-0.794,0
-1.1447,0.0019702,-0.0023098,0.00031403,9.9959e-05,2.7944e-07,9.895e-08,1,0.29416,-0.792,-0.792,0
-1.1447,0.002475,-0.0023195,0.00031386,9.9906e-05,2.5852e-07,1.4992e-07,1,0.29698,-0.79,-0.79,0
-1.1447,0.00032469,-0.00027654,0.00031387,9.9909e-05,7.5765e-08,3.4853e-08,1,0.29981,-0.788,-0.788,0
-1.1447,-0.0013081,0.0013852,0.0003139,9.9918e-05,-8.5072e-08,-4.3416e-08,1,0.30264,-0.786,-0.786,0
-1.1447,-0.0024236,0.0026658,0.00031394,9.9931e-05,-2.24e-07,-8.4891e-08,1,0.30547,-0.784,-0.784,0
-1.1447,-0.0030216,0.0035652,0.000314,9.995e-05,-3.4102e-07,-8.9569e-08,1,0.3083,-0.782,-0.782,0
-1.1447,-0.0031022,0.0040835,0.00031408,9.9974e-05,-4.3613e-07,-5.7451e-08,1,0.31113,-0.78,-0.78,0
-1.1447,-0.0024981,0.0028925,0.00031421,0.00010002,-3.1176e-07,-2.1723e-08,1,0.31396,-0.778,-0.778,0
-1.1447,-0.0018381,0.0017638,0.00031436,0.00010006,-2.0454e-07,1.5469e-08,1,0.31678,-0.776,-0.776,0
-1.1447,-0.0011223,0.0006973,0.00031451,0.00010011,-1.1446e-07,5.4126e-08,1,0.31961,-0.774,-0.774,0
-1.1447,-0.00035071,-0.00030684,0.00031466,0.00010016,-4.1529e-08,9.4244e-08,1,0.32244,-0.772,-0.772,0
-1.1447,0.00047676,-0.0012487,0.00031482,0.00010021,1.4261e-08,1.3583e-07,1,0.32527,-0.77,-0.77,0
-1.1447,-0.00029205,-0.0010621,0.00031475,0.00010019,2.8405e-08,5.2215e-08,1,0.3281,-0.768,-0.768,0
-1.1447,-0.0010178,-0.00088639,0.0003147,0.00010017,4.0313e-08,-4.0134e-08,1,0.33093,-0.766,-0.766,0
-1.1447,-0.0017006,-0.00072153,0.00031467,0.00010016,4.9982e-08,-1.4122e-07,1,0.33375,-0.764,-0.764,0
-1.1447,-0.0023403,-0.00056755,0.00031465,0.00010016,5.7414e-08,-2.5104e-07,1,0.33658,-0.762,-0.762,0
-1.1447,-0.002937,-0.00042443,0.00031465,0.00010016,6.2607e-08,-3.696e-07,1,0.33941,-0.76,-0.76,0
-1.1447,-0.0017884,-5.4137e-07,0.00031447,0.0001001,8.6615e-09,-2.6252e-07,1,0.34224,-0.758,-0.758,0
-1.1447,-0.00026599,0.00033113,0.00031432,0.00010005,-3.1146e-08,-1.1939e-07,1,0.34507,-0.756,-0.756,0
-1.1447,0.0016303,0.00057057,0.00031421,0.00010002,-5.6812e-08,5.9786e-08,1,0.3479,-0.754,-0.754,0
-1.1447,0.0039005,0.00071778,0.00031415,9.9996e-05,-6.8339e-08,2.7502e-07,1,0.35072,-0.752,-0.752,0
-1.1447,0.0065445,0.00077277,0.00031411,9.9986e-05,-6.5725e-08,5.263e-07,1,0.35355,-0.75,-0.75,0
-1.1447,0.0063148,-0.00042663,0.00031415,9.9996e-05,2.9453e-08,5.4693e-07,1,0.35638,-0.748,-0.748,0
-1.1447,0.0055934,-0.0011722,0.00031417,0.0001,8.9455e-08,5.0635e-07,1,0.35921,-0.746,-0.746,0
-1.1447,0.0043806,-0.001464,0.00031418,0.00010001,1.1428e-07,4.0456e-07,1,0.36204,-0.744,-0.744,0
-1.1447,0.0026761,-0.0013019,0.00031417,0.0001,1.0392e-07,2.4155e-07,1,0.36487,-0.742,-0.742,0
-1.1447,0.00048018,-0.00068604,0.00031415,9.9999e-05,5.8395e-08,1.7331e-08,1,0.3677,-0.74,-0.74,0
-1.1447,-0.0012092,0.00059261,0.00031426,0.00010003,-5.341e-08,-7.2448e-08,1,0.37052,-0.738,-0.738,0
-1.1447,-0.0028076,0.0015661,0.00031438,0.00010007,-1.358e-07,-1.5868e-07,1,0.37335,-0.736,-0.736,0
-1.1447,-0.0043151,0.0022344,0.00031449,0.0001001,-1.8878e-07,-2.4137e-07,1,0.37618,-0.734,-0.734,0
-1.1447,-0.0057317,0.0025976,0.0003146,0.00010014,-2.1234e-07,-3.2051e-07,1,0.37901,-0.732,-0.732,0
-1.1447,-0.0070573,0.0026556,0.00031472,0.00010018,-2.065e-07,-3.961e-07,1,0.38184,-0.73,-0.73,0
-1.1447,-0.0060775,0.0020689,0.00031461,0.00010014,-1.5992e-07,-3.1726e-07,1,0.38467,-0.728,-0.728,0
-1.1447,-0.0050805,0.0013706,0.0003145,0.00010011,-1.0748e-07,-2.617e-07,1,0.38749,-0.726,-0.726,0
-1.1447,-0.0040664,0.00056044,0.00031437,0.00010007,-4.9182e-08,-2.2944e-07,1,0.39032,-0.724,-0.724,0
-1.1447,-0.003035,-0.00036138,0.00031424,0.00010002,1.4981e-08,-2.2046e-07,1,0.39315,-0.722,-0.722,0
-1.1447,-0.0019865,-0.0013949,0.00031409,9.9979e-05,8.5007e-08,-2.3477e-07,1,0.39598,-0.72,-0.72,0
-1.1447,0.00036992,-0.0018259,0.00031391,9.992e-05,1.2223e-07,-4.441e-08,1,0.39881,-0.718,-0.718,0
-1.1447,0.0024544,-0.0021085,0.0003138,9.9886e-05,1.4623e-07,1.0881e-07,1,0.40164,-0.716,-0.716,0
-1.1447,0.0042671,-0.0022427,0.00031378,9.9878e-05,1.57e-07,2.2489e-07,1,0.40447,-0.714,-0.714,0
-1.1447,0.0058079,-0.0022284,0.00031383,9.9895e-05,1.5456e-07,3.0383e-07,1,0.40729,-0.712,-0.712,0
-1.1447,0.0070769,-0.0020657,0.00031396,9.9937e-05,1.3888e-07,3.4563e-07,1,0.41012,-0.71,-0.71,0
-1.1447,0.0055511,-0.0013093,0.00031412,9.9987e-05,1.1814e-07,2.2674e-07,1,0.41295,-0.708,-0.708,0
-1.1447,0.0037273,-0.00081929,0.00031426,0.00010003,1.0423e-07,8.0483e-08,1,0.41578,-0.706,-0.706,0
-1.1447,0.0016054,-0.00059554,0.00031439,0.00010007,9.7155e-08,-9.3147e-08,1,0.41861,-0.704,-0.704,0
-1.1447,-0.00081456,-0.00063808,0.0003145,0.00010011,9.6906e-08,-2.9415e-07,1,0.42144,-0.702,-0.702,0
-1.1447,-0.0035327,-0.00094693,0.0003146,0.00010014,1.0349e-07,-5.2253e-07,1,0.42426,-0.7,-0.7,0
-1.1447,-0.0035165,-0.00071895,0.00031442,0.00010008,7.6328e-08,-4.458e-07,1,0.42709,-0.698,-0.698,0
-1.1447,-0.00327,-0.00073101,0.00031426,0.00010003,6.1437e-08,-3.7272e-07,1,0.42992,-0.696,-0.696,0
-1.1447,-0.0027932,-0.00098313,0.00031414,9.9993e-05,5.8816e-08,-3.033e-07,1,0.43275,-0.694,-0.694,0
-1.1447,-0.0020859,-0.0014753,0.00031404,9.9961e-05,6.8463e-08,-2.3754e-07,1,0.43558,-0.692,-0.692,0
-1.1447,-0.0011484,-0.0022075,0.00031396,9.9938e-05,9.038e-08,-1.7544e-07,1,0.43841,-0.69,-0.69,0
-1.1447,-0.0004926,-0.0010128,0.0003142,0.00010001,4.1977e-09,-8.9422e-08,1,0.44123,-0.688,-0.688,0
-1.1447,-0.00017438,-0.00036657,0.00031444,0.00010009,-4.5362e-08,-4.4014e-08,1,0.44406,-0.686,-0.686,0
-1.1447,-0.00019372,-0.00026887,0.00031469,0.00010017,-5.8297e-08,-3.9222e-08,1,0.44689,-0.684,-0.684,0
-1.1447,-0.00055061,-0.0007197,0.00031495,0.00010025,-3.4607e-08,-7.5045e-08,1,0.44972,-0.682,-0.682,0
-1.1447,-0.001245,-0.001719,0.00031522,0.00010034,2.5707e-08,-1.5148e-07,1,0.45255,-0.68,-0.68,0
-1.1447,-0.00074633,-0.0021631,0.00031491,0.00010024,1.195e-07,-9.4334e-08,1,0.45538,-0.678,-0.678,0
-1.1447,-2.0066e-05,-0.0021071,0.00031465,0.00010016,1.4679e-07,-9.6616e-09,1,0.45821,-0.676,-0.676,0
-1.1447,0.00093378,-0.0015511,0.00031445,0.00010009,1.0756e-07,1.0254e-07,1,0.46103,-0.674,-0.674,0
-1.1447,0.0021152,-0.00049499,0.00031431,0.00010005,1.8123e-09,2.4226e-07,1,0.46386,-0.672,-0.672,0
-1.1447,0.0035243,0.0010611,0.00031423,0.00010002,-1.7044e-07,4.0951e-07,1,0.46669,-0.67,-0.67,0
-1.1447,0.0020159,0.0017869,0.0003144,0.00010008,-2.4537e-07,2.3689e-07,1,0.46952,-0.668,-0.668,0
-1.1447,0.0010204,0.0021336,0.00031459,0.00010014,-2.7373e-07,1.2039e-07,1,0.47235,-0.666,-0.666,0
-1.1447,0.00053786,0.0021012,0.0003148,0.0001002,-2.5551e-07,6.0008e-08,1,0.47518,-0.664,-0.664,0
-1.1447,0.00056826,0.0016897,0.00031503,0.00010028,-1.9072e-07,5.5747e-08,1,0.478,-0.662,-0.662,0
-1.1447,0.0011116,0.00089922,0.00031527,0.00010035,-7.9351e-08,1.0761e-07,1,0.48083,-0.66,-0.66,0
-1.1447,0.00044459,-0.00058741,0.00031498,0.00010026,5.2893e-08,3.3314e-08,1,0.48366,-0.658,-0.658,0
-1.1447,1.4716e-05,-0.0019117,0.00031468,0.00010017,1.5473e-07,-1.0433e-08,1,0.48649,-0.656,-0.656,0
-1.1447,-0.00017803,-0.0030738,0.00031437,0.00010007,2.2615e-07,-2.3639e-08,1,0.48932,-0.654,-0.654,0
-1.1447,-0.00013364,-0.0040736,0.00031404,9.9963e-05,2.6717e-07,-6.3025e-09,1,0.49215,-0.652,-0.652,0
-1.1447,0.00014788,-0.0049112,0.00031371,9.9856e-05,2.7778e-07,4.1577e-08,1,0.49497,-0.65,-0.65,0
-1.1447,-0.00024822,-0.0032005,0.00031388,9.9912e-05,8.9779e-08,-7.5039e-09,1,0.4978,-0.648,-0.648,0
-1.1447,-0.00055036,-0.0018304,0.00031406,9.997e-05,-6.2507e-08,-4.6015e-08,1,0.50063,-0.646,-0.646,0
-1.1447,-0.00075853,-0.00080079,0.00031425,0.00010003,-1.7908e-07,-7.3956e-08,1,0.50346,-0.644,-0.644,0
-1.1447,-0.00087273,-0.00011172,0.00031444,0.00010009,-2.5993e-07,-9.1328e-08,1,0.50629,-0.642,-0.642,0
-1.1447,-0.00089296,0.00023683,0.00031463,0.00010015,-3.0506e-07,-9.8129e-08,1,0.50912,-0.64,-0.64,0
-1.1447,-0.001675,-0.00080477,0.00031473,0.00010018,-1.2628e-07,-1.58e-07,1,0.51195,-0.638,-0.638,0
-1.1447,-0.0021916,-0.0017238,0.00031478,0.0001002,2.1946e-08,-2.0101e-07,1,0.51477,-0.636,-0.636,0
-1.1447,-0.0024427,-0.0025203,0.0003148,0.0001002,1.3962e-07,-2.2717e-07,1,0.5176,-0.634,-0.634,0
-1.1447,-0.0024283,-0.0031943,0.00031477,0.00010019,2.2674e-07,-2.3647e-07,1,0.52043,-0.632,-0.632,0
-1.1447,-0.0021483,-0.0037457,0.0003147,0.00010017,2.8331e-07,-2.2892e-07,1,0.52326,-0.63,-0.63,0
-1.1447,-0.00113,-0.0029341,0.0003147,0.00010017,2.1525e-07,-1.3897e-07,1,0.52609,-0.628,-0.628,0
-1.1447,-0.00054328,-0.002602,0.00031467,0.00010016,2.0395e-07,-1.0572e-07,1,0.52892,-0.626,-0.626,0
-1.1447,-0.0003883,-0.0027496,0.0003146,0.00010014,2.4941e-07,-1.2918e-07,1,0.53174,-0.624,-0.624,0
-1.1447,-0.00066501,-0.0033767,0.00031449,0.00010011,3.5164e-07,-2.0935e-07,1,0.53457,-0.622,-0.622,0
-1.1447,-0.0013734,-0.0044835,0.00031435,0.00010006,5.1063e-07,-3.4622e-07,1,0.5374,-0.62,-0.62,0
-1.1447,-0.0002297,-0.0031622,0.00031405,9.9964e-05,3.711e-07,-2.1337e-07,1,0.54023,-0.618,-0.618,0
-1.1447,0.00084546,-0.001839,0.00031381,9.989e-05,2.2629e-07,-1.0747e-07,1,0.54306,-0.616,-0.616,0
-1.1447,0.0018521,-0.00051365,0.00031365,9.9836e-05,7.6198e-08,-2.8513e-08,1,0.54589,-0.614,-0.614,0
-1.1447,0.0027902,0.00081374,0.00031354,9.9804e-05,-7.9189e-08,2.3508e-08,1,0.54871,-0.612,-0.612,0
-1.1447,0.0036598,0.0021431,0.00031351,9.9792e-05,-2.3986e-07,4.8585e-08,1,0.55154,-0.61,-0.61,0
-1.1447,0.0041948,0.0030965,0.00031373,9.9865e-05,-2.5391e-07,1.0219e-07,1,0.55437,-0.608,-0.608,0
-1.1447,0.0045169,0.0039468,0.0003139,9.9917e-05,-2.6405e-07,1.2218e-07,1,0.5572,-0.606,-0.606,0
-1.1447,0.004626,0.0046938,0.00031399,9.9948e-05,-2.7028e-07,1.0855e-07,1,0.56003,-0.604,-0.604,0
-1.1447,0.0045222,0.0053378,0.00031403,9.9958e-05,-2.726e-07,6.1311e-08,1,0.56286,-0.602,-0.602,0
-1.1447,0.0042055,0.0058785,0.000314,9.9948e-05,-2.7101e-07,-1.9541e-08,1,0.56569,-0.6,-0.6,0
-1.1447,0.0046458,0.0043133,0.00031397,9.994e-05,-1.3048e-07,2.0504e-08,1,0.56851,-0.598,-0.598,0
-1.1447,0.0050853,0.0031243,0.00031397,9.994e-05,-3.4079e-08,7.76e-08,1,0.57134,-0.596,-0.596,0
-1.1447,0.005524,0.0023113,0.000314,9.9949e-05,1.8197e-08,1.5175e-07,1,0.57417,-0.594,-0.594,0
-1.1447,0.0059619,0.0018744,0.00031405,9.9966e-05,2.6347e-08,2.4295e-07,1,0.577,-0.592,-0.592,0
-1.1447,0.0063991,0.0018137,0.00031413,9.9991e-05,-9.6265e-09,3.5121e-07,1,0.57983,-0.59,-0.59,0
-1.1447,0.0041235,0.00097942,0.00031419,0.00010001,6.8676e-08,2.077e-07,1,0.58266,-0.588,-0.588,0
-1.1447,0.0018246,0.0006004,0.00031419,0.00010001,1.0457e-07,4.601e-08,1,0.58548,-0.586,-0.586,0
-1.1447,-0.00049777,0.00067664,0.00031413,9.9991e-05,9.8067e-08,-1.3388e-07,1,0.58831,-0.584,-0.584,0
-1.1447,-0.0028434,0.0012081,0.00031402,9.9955e-05,4.9156e-08,-3.3197e-07,1,0.59114,-0.582,-0.582,0
-1.1447,-0.0052123,0.0021949,0.00031385,9.9901e-05,-4.2162e-08,-5.4824e-07,1,0.59397,-0.58,-0.58,0
-1.1447,-0.0045726,0.00084456,0.00031367,9.9844e-05,5.8751e-09,-4.425e-07,1,0.5968,-0.578,-0.578,0
-1.1447,-0.003593,-0.00046471,0.00031356,9.9809e-05,3.902e-08,-3.1373e-07,1,0.59963,-0.576,-0.576,0
-1.1447,-0.0022734,-0.0017329,0.00031352,9.9795e-05,5.7271e-08,-1.6193e-07,1,0.60245,-0.574,-0.574,0
-1.1447,-0.0006139,-0.00296,0.00031354,9.9803e-05,6.0629e-08,1.2906e-08,1,0.60528,-0.572,-0.572,0
-1.1447,0.0013856,-0.004146,0.00031364,9.9834e-05,4.9093e-08,2.1077e-07,1,0.60811,-0.57,-0.57,0
-1.1447,0.0012408,-0.0034633,0.00031406,9.997e-05,2.2882e-09,1.5129e-07,1,0.61094,-0.568,-0.568,0
-1.1447,0.00091745,-0.0032588,0.00031441,0.00010008,1.581e-08,7.1062e-08,1,0.61377,-0.566,-0.566,0
-1.1447,0.00041564,-0.0035323,0.00031467,0.00010016,8.9659e-08,-2.9917e-08,1,0.6166,-0.564,-0.564,0
-1.1447,-0.0002647,-0.0042839,0.00031485,0.00010022,2.2384e-07,-1.5165e-07,1,0.61943,-0.562,-0.562,0
-1.1447,-0.0011235,-0.0055136,0.00031494,0.00010025,4.1834e-07,-2.9413e-07,1,0.62225,-0.56,-0.56,0
-1.1447,-0.00046832,-0.0040966,0.00031482,0.00010021,3.4032e-07,-2.0828e-07,1,0.62508,-0.558,-0.558,0
-1.1447,6.1997e-05,-0.003168,0.00031482,0.00010021,2.5719e-07,-1.5263e-07,1,0.62791,-0.556,-0.556,0
-1.1447,0.00046738,-0.0027278,0.00031496,0.00010025,1.6898e-07,-1.2718e-07,1,0.63074,-0.554,-0.554,0
-1.1447,0.00074785,-0.0027761,0.00031522,0.00010034,7.5656e-08,-1.3192e-07,1,0.63357,-0.552,-0.552,0
-1.1447,0.00090344,-0.0033127,0.00031561,0.00010046,-2.2752e-08,-1.6684e-07,1,0.6364,-0.55,-0.55,0
-1.1469,-0.016156,-0.018094,0.00033028,0.00010513,-2.3905e-06,-2.5848e-06,1,0.63922,-0.548,-0.548,0
-1.1531,-0.048656,-0.048511,0.00035917,0.00011433,-7.1117e-06,-7.3765e-06,1,0.64205,-0.546,-0.546,0
-1.1632,-0.096597,-0.094566,0.00040227,0.00012805,-1.4186e-05,-1.4542e-05,1,0.64488,-0.544,-0.544,0
-1.1772,-0.15998,-0.15626,0.00045958,0.00014629,-2.3615e-05,-2.4081e-05,1,0.64771,-0.542,-0.542,0
-1.1952,-0.2388,-0.23359,0.0005311,0.00016905,-3.5396e-05,-3.5993e-05,1,0.65054,-0.54,-0.54,0
-1.3975,-0.57438,-0.57227,0.0011921,0.00037946,-0.00016123,-0.00016278,1,0.65337,-0.538,-0.538,0
-1.6817,-0.9803,-0.9826,0.0022109,0.00070376,-0.00036041,-0.00036359,1,0.6562,-0.536,-0.536,0
-2.0478,-1.4566,-1.4646,0.0035877,0.001142,-0.00063294,-0.00063844,1,0.65902,-0.534,-0.534,0
-2.4956,-2.0032,-2.0182,0.0053222,0.0016941,-0.00097882,-0.00098732,1,0.66185,-0.532,-0.532,0
-3.0254,-2.6203,-2.6435,0.0074147,0.0023602,-0.0013981,-0.0014103,1,0.66468,-0.53,-0.53,0
-4.1867,-3.6391,-3.6737,0.018053,0.0057463,-0.0036194,-0.00365,1,0.66751,-0.528,-0.528,0
-5.4138,-4.6916,-4.7372,0.032843,0.010454,-0.0067203,-0.006776,1,0.67034,-0.526,-0.526,0
-6.7069,-5.7777,-5.834,0.051788,0.016485,-0.010701,-0.010788,1,0.67317,-0.524,-0.524,0
-8.0659,-6.8975,-6.9641,0.074885,0.023837,-0.01556,-0.015687,1,0.67599,-0.522,-0.522,0
-9.4907,-8.051,-8.1276,0.10214,0.032511,-0.0213,-0.021472,1,0.67882,-0.52,-0.52,0
-10.637,-8.9324,-9.0149,0.19909,0.063373,-0.041772,-0.042105,1,0.68165,-0.518,-0.518,0
-11.66,-9.7175,-9.8053,0.31507,0.10029,-0.06621,-0.066735,1,0.68448,-0.516,-0.516,0
-12.559,-10.406,-10.499,0.45008,0.14326,-0.094612,-0.09536,1,0.68731,-0.514,-0.514,0
-13.335,-10.999,-11.095,0.60411,0.19229,-0.12698,-0.12798,1,0.69014,-0.512,-0.512,0
-13.988,-11.495,-11.594,0.77716,0.24738,-0.16331,-0.1646,1,0.69296,-0.51,-0.51,0
-13.652,-11.241,-11.338,1.0115,0.32197,-0.21127,-0.21291,1,0.69579,-0.508,-0.508,0
-13.194,-10.894,-10.988,1.2442,0.39604,-0.25857,-0.26055,1,0.69862,-0.506,-0.506,0
-12.616,-10.456,-10.546,1.4753,0.4696,-0.3052,-0.3075,1,0.70145,-0.504,-0.504,0
-11.917,-9.9263,-10.011,1.7048,0.54265,-0.35117,-0.35378,1,0.70428,-0.502,-0.502,0
-11.096,-9.3045,-9.3841,1.9327,0.61519,-0.39648,-0.39939,1,0.70711,-0.5,-0.5,0
-10.322,-8.7111,-8.7849,2.1564,0.6864,-0.43943,-0.44256,1,0.70994,-0.498,-0.498,0
-9.6107,-8.1649,-8.2334,2.394,0.76203,-0.48508,-0.48847,1,0.71276,-0.496,-0.496,0
-8.9627,-7.6661,-7.7298,2.6455,0.8421,-0.53344,-0.53712,1,0.71559,-0.494,-0.494,0
-8.3778,-7.2147,-7.2739,2.911,0.9266,-0.58452,-0.5885,1,0.71842,-0.492,-0.492,0
-7.8561,-6.8105,-6.8659,3.1903,1.0155,-0.63831,-0.64262,1,0.72125,-0.49,-0.49,0
-7.6092,-6.6159,-6.6699,3.5946,1.1442,-0.71658,-0.72141,1,0.72408,-0.488,-0.488,0
-7.3783,-6.4337,-6.4863,4.0062,1.2752,-0.79601,-0.80136,1,0.72691,-0.486,-0.486,0
-7.1634,-6.2638,-6.3151,4.4251,1.4085,-0.8766,-0.88244,1,0.72973,-0.484,-0.484,0
-6.9645,-6.1062,-6.1563,4.8513,1.5442,-0.95834,-0.96467,1,0.73256,-0.482,-0.482,0
-6.7816,-5.961,-6.01,5.2848,1.6822,-1.0412,-1.048,1,0.73539,-0.48,-0.48,0
-6.5807,-5.7997,-5.8466,5.6211,1.7892,-1.1021,-1.109,1,0.73822,-0.478,-0.478,0
-6.376,-5.6352,-5.6798,5.9354,1.8893,-1.1583,-1.1652,1,0.74105,-0.476,-0.476,0
-6.1675,-5.4673,-5.5095,6.2277,1.9823,-1.2097,-1.2166,1,0.74388,-0.474,-0.474,0
-5.9553,-5.2962,-5.3359,6.4981,2.0684,-1.2565,-1.2633,1,0.7467,-0.472,-0.472,0
-5.7393,-5.1218,-5.1589,6.7465,2.1475,-1.2985,-1.3052,1,0.74953,-0.47,-0.47,0
-5.5496,-4.9664,-5.0009,6.8666,2.1857,-1.3144,-1.3207,1,0.75236,-0.468,-0.468,0
-5.3637,-4.8136,-4.8457,6.9572,2.2146,-1.3244,-1.3302,1,0.75519,-0.466,-0.466,0
-5.1815,-4.6635,-4.6931,7.0184,2.234,-1.3285,-1.3339,1,0.75802,-0.464,-0.464,0
-5.003,-4.5161,-4.5431,7.0501,2.2441,-1.3268,-1.3316,1,0.76085,-0.462,-0.462,0
-4.8282,-4.3713,-4.3959,7.0523,2.2448,-1.3192,-1.3235,1,0.76368,-0.46,-0.46,0
-4.6367,-4.2087,-4.2302,6.7727,2.1558,-1.2565,-1.2599,1,0.7665,-0.458,-0.458,0
-4.4383,-4.0393,-4.0577,6.4523,2.0538,-1.1862,-1.1886,1,0.76933,-0.456,-0.456,0
-4.233,-3.8633,-3.8783,6.0911,1.9388,-1.1082,-1.1097,1,0.77216,-0.454,-0.454,0
-4.0209,-3.6806,-3.692,5.689,1.8109,-1.0226,-1.023,1,0.77499,-0.452,-0.452,0
-3.8019,-3.4912,-3.4989,5.2462,1.6699,-0.92925,-0.92868,1,0.77782,-0.45,-0.45,0
-3.6079,-3.3179,-3.3221,4.8477,1.5431,-0.84811,-0.84686,1,0.78065,-0.448,-0.448,0
-3.4263,-3.1549,-3.1557,4.4801,1.4261,-0.77344,-0.77157,1,0.78347,-0.446,-0.446,0
-3.2573,-3.0022,-2.9998,4.1435,1.3189,-0.70523,-0.70282,1,0.7863,-0.444,-0.444,0
-3.1006,-2.8598,-2.8544,3.8379,1.2216,-0.64349,-0.6406,1,0.78913,-0.442,-0.442,0
-2.9565,-2.7277,-2.7195,3.5633,1.1342,-0.58821,-0.58491,1,0.79196,-0.44,-0.44,0
-2.8692,-2.6442,-2.634,3.4037,1.0834,-0.55631,-0.55279,1,0.79479,-0.438,-0.438,0
-2.7864,-2.5648,-2.5526,3.2528,1.0354,-0.52617,-0.52245,1,0.79762,-0.436,-0.436,0
-2.7082,-2.4893,-2.4753,3.1105,0.99011,-0.49779,-0.49388,1,0.80044,-0.434,-0.434,0
-2.6345,-2.4178,-2.402,2.9769,0.94759,-0.47118,-0.4671,1,0.80327,-0.432,-0.432,0
-2.5654,-2.3503,-2.3328,2.852,0.90783,-0.44633,-0.44209,1,0.8061,-0.43,-0.43,0
-2.5125,-2.2968,-2.278,2.7562,0.87732,-0.42743,-0.42308,1,0.80893,-0.428,-0.428,0
-2.4609,-2.2445,-2.2242,2.6627,0.84755,-0.40902,-0.40458,1,0.81176,-0.426,-0.426,0
-2.4106,-2.1932,-2.1716,2.5714,0.81851,-0.39111,-0.38658,1,0.81459,-0.424,-0.424,0
-2.3617,-2.1431,-2.1202,2.4825,0.79022,-0.37369,-0.36909,1,0.81742,-0.422,-0.422,0
-2.3141,-2.0941,-2.0698,2.396,0.76266,-0.35676,-0.35209,1,0.82024,-0.42,-0.42,0
-2.2722,-2.0494,-2.024,2.3196,0.73834,-0.34202,-0.33732,1,0.82307,-0.418,-0.418,0
-2.2307,-2.005,-1.9785,2.2441,0.71433,-0.32751,-0.32278,1,0.8259,-0.416,-0.416,0
-2.1898,-1.9609,-1.9332,2.1697,0.69065,-0.31323,-0.30848,1,0.82873,-0.414,-0.414,0
-2.1492,-1.917,-1.8882,2.0964,0.66729,-0.29918,-0.29441,1,0.83156,-0.412,-0.412,0
-2.1091,-1.8734,-1.8435,2.024,0.64425,-0.28536,-0.28058,1,0.83439,-0.41,-0.41,0
-2.0727,-1.8321,-1.8014,1.9598,0.62381,-0.27326,-0.26851,1,0.83721,-0.408,-0.408,0
-2.0367,-1.7911,-1.7595,1.8966,0.60371,-0.26139,-0.25667,1,0.84004,-0.406,-0.406,0
-2.0011,-1.7503,-1.7179,1.8346,0.58396,-0.24974,-0.24506,1,0.84287,-0.404,-0.404,0
-1.9659,-1.7098,-1.6766,1.7736,0.56455,-0.23833,-0.23369,1,0.8457,-0.402,-0.402,0
-1.9311,-1.6694,-1.6355,1.7137,0.54548,-0.22714,-0.22256,1,0.84853,-0.4,-0.4,0
-1.9001,-1.6317,-1.5973,1.6619,0.52899,-0.21757,-0.21307,1,0.85136,-0.398,-0.398,0
-1.8694,-1.5942,-1.5594,1.6111,0.51282,-0.20821,-0.20379,1,0.85418,-0.396,-0.396,0
-1.8392,-1.557,-1.5218,1.5613,0.49697,-0.19905,-0.19472,1,0.85701,-0.394,-0.394,0
-1.8095,-1.52,-1.4845,1.5124,0.48143,-0.19008,-0.18586,1,0.85984,-0.392,-0.392,0
-1.7801,-1.4833,-1.4476,1.4646,0.4662,-0.18133,-0.1772,1,0.86267,-0.39,-0.39,0
-1.7542,-1.4491,-1.4134,1.4235,0.45312,-0.17388,-0.16988,1,0.8655,-0.388,-0.388,0
-1.7287,-1.4153,-1.3796,1.3832,0.4403,-0.16659,-0.16271,1,0.86833,-0.386,-0.386,0
-1.7036,-1.3816,-1.3461,1.3438,0.42773,-0.15947,-0.15572,1,0.87116,-0.384,-0.384,0
-1.6788,-1.3483,-1.3129,1.3051,0.41542,-0.1525,-0.14888,1,0.87398,-0.382,-0.382,0
-1.6545,-1.3152,-1.2801,1.2672,0.40337,-0.14569,-0.14221,1,0.87681,-0.38,-0.38,0
-1.6332,-1.2845,-1.2499,1.2347,0.39302,-0.13991,-0.13656,1,0.87964,-0.378,-0.378,0
-1.6123,-1.2541,-1.2199,1.2028,0.38288,-0.13424,-0.13104,1,0.88247,-0.376,-0.376,0
-1.5917,-1.2239,-1.1903,1.1716,0.37294,-0.12871,-0.12564,1,0.8853,-0.374,-0.374,0
-1.5715,-1.1941,-1.161,1.141,0.3632,-0.12329,-0.12037,1,0.88813,-0.372,-0.372,0
-1.5516,-1.1645,-1.132,1.1111,0.35366,-0.11801,-0.11523,1,0.89095,-0.37,-0.37,0
-1.5344,-1.1371,-1.1054,1.0853,0.34546,-0.1135,-0.11086,1,0.89378,-0.368,-0.368,0
-1.5174,-1.1101,-1.0791,1.06,0.33742,-0.10909,-0.10659,1,0.89661,-0.366,-0.366,0
-1.5008,-1.0833,-1.0531,1.0353,0.32954,-0.10477,-0.10241,1,0.89944,-0.364,-0.364,0
-1.4845,-1.0567,-1.0274,1.011,0.32181,-0.10055,-0.098324,1,0.90227,-0.362,-0.362,0
-1.4685,-1.0305,-1.0019,0.98723,0.31424,-0.096427,-0.094333,1,0.9051,-0.36,-0.36,0
-1.4546,-1.0063,-0.97857,0.96672,0.30772,-0.0929,-0.090928,1,0.90793,-0.358,-0.358,0
-1.4411,-0.98239,-0.9555,0.94659,0.30131,-0.089444,-0.087593,1,0.91075,-0.356,-0.356,0
-1.4278,-0.95873,-0.93266,0.92684,0.29502,-0.086061,-0.084327,1,0.91358,-0.354,-0.354,0
-1.4147,-0.93531,-0.91007,0.90746,0.28885,-0.082749,-0.081131,1,0.91641,-0.352,-0.352,0
-1.4019,-0.91214,-0.88772,0.88847,0.28281,-0.07951,-0.078005,1,0.91924,-0.35,-0.35,0
-1.3909,-0.89089,-0.86725,0.87202,0.27757,-0.076726,-0.075319,1,0.92207,-0.348,-0.348,0
-1.3801,-0.86985,-0.84697,0.85585,0.27242,-0.073995,-0.072684,1,0.9249,-0.346,-0.346,0
-1.3695,-0.84903,-0.8269,0.83996,0.26737,-0.071318,-0.070099,1,0.92772,-0.344,-0.344,0
-1.3591,-0.82841,-0.80702,0.82435,0.2624,-0.068693,-0.067565,1,0.93055,-0.342,-0.342,0
-1.3489,-0.80801,-0.78734,0.80902,0.25752,-0.066122,-0.065081,1,0.93338,-0.34,-0.34,0
-1.3401,-0.78926,-0.76923,0.79565,0.25326,-0.063893,-0.062925,1,0.93621,-0.338,-0.338,0
-1.3314,-0.77068,-0.75127,0.78248,0.24907,-0.061702,-0.060805,1,0.93904,-0.336,-0.336,0
-1.323,-0.75226,-0.73346,0.76951,0.24494,-0.059549,-0.058721,1,0.94187,-0.334,-0.334,0
-1.3146,-0.73401,-0.71581,0.75674,0.24088,-0.057434,-0.056673,1,0.94469,-0.332,-0.332,0
-1.3065,-0.71592,-0.6983,0.74417,0.23688,-0.055357,-0.054661,1,0.94752,-0.33,-0.33,0
-1.2994,-0.69919,-0.68206,0.7331,0.23335,-0.053536,-0.052893,1,0.95035,-0.328,-0.328,0
-1.2925,-0.68257,-0.66593,0.72217,0.22987,-0.051742,-0.051151,1,0.95318,-0.326,-0.326,0
-1.2856,-0.66608,-0.64992,0.7114,0.22645,-0.049976,-0.049435,1,0.95601,-0.324,-0.324,0
-1.2789,-0.64972,-0.63402,0.70077,0.22306,-0.048238,-0.047746,1,0.95884,-0.322,-0.322,0
-1.2723,-0.63347,-0.61822,0.6903,0.21973,-0.046527,-0.046083,1,0.96167,-0.32,-0.32,0
-1.2666,-0.61835,-0.60348,0.68101,0.21677,-0.045013,-0.044608,1,0.96449,-0.318,-0.318,0
-1.2609,-0.60331,-0.58883,0.67183,0.21385,-0.04352,-0.043153,1,0.96732,-0.316,-0.316,0
-1.2554,-0.58837,-0.57427,0.66277,0.21097,-0.042047,-0.041718,1,0.97015,-0.314,-0.314,0
-1.2499,-0.57353,-0.5598,0.65383,0.20812,-0.040596,-0.040303,1,0.97298,-0.312,-0.312,0
-1.2446,-0.55878,-0.54541,0.645,0.20531,-0.039165,-0.038908,1,0.97581,-0.31,-0.31,0
-1.2399,-0.54489,-0.53184,0.63707,0.20279,-0.037879,-0.037652,1,0.97864,-0.308,-0.308,0
-1.2353,-0.53105,-0.51832,0.62922,0.20029,-0.036606,-0.03641,1,0.98146,-0.306,-0.306,0
-1.2307,-0.51726,-0.50484,0.62145,0.19781,-0.035347,-0.03518,1,0.98429,-0.304,-0.304,0
-1.2262,-0.50352,-0.49141,0.61375,0.19536,-0.034101,-0.033963,1,0.98712,-0.302,-0.302,0
-1.2218,-0.48982,-0.47802,0.60612,0.19294,-0.032869,-0.032759,1,0.98995,-0.3,-0.3,0
-1.2179,-0.47663,-0.46511,0.59915,0.19071,-0.031736,-0.031651,1,0.99278,-0.298,-0.298,0
-1.214,-0.46345,-0.45221,0.59223,0.18851,-0.030613,-0.030552,1,0.99561,-0.296,-0.296,0
-1.2102,-0.45029,-0.43932,0.58537,0.18633,-0.029499,-0.029463,1,0.99843,-0.294,-0.294,0
-1.2064,-0.43714,-0.42644,0.57856,0.18416,-0.028396,-0.028384,1,1.0013,-0.292,-0.292,0
-1.2027,-0.42401,-0.41357,0.57182,0.18202,-0.027303,-0.027314,1,1.0041,-0.29,-0.29,0
-1.1995,-0.41146,-0.40127,0.56578,0.18009,-0.026312,-0.026343,1,1.0069,-0.288,-0.288,0
-1.1963,-0.39899,-0.38904,0.55983,0.1782,-0.025336,-0.025387,1,1.0097,-0.286,-0.286,0
-1.1932,-0.3866,-0.37689,0.55398,0.17634,-0.024374,-0.024445,1,1.0126,-0.284,-0.284,0
-1.1901,-0.37429,-0.36481,0.54822,0.1745,-0.023427,-0.023517,1,1.0154,-0.282,-0.282,0
-1.1871,-0.36206,-0.35282,0.54255,0.1727,-0.022495,-0.022604,1,1.0182,-0.28,-0.28,0
-1.1846,-0.35078,-0.34174,0.53767,0.17115,-0.021674,-0.021799,1,1.0211,-0.278,-0.278,0
-1.1822,-0.3396,-0.33076,0.53287,0.16962,-0.020866,-0.021007,1,1.0239,-0.276,-0.276,0
-1.1798,-0.32854,-0.31989,0.52816,0.16812,-0.020071,-0.020227,1,1.0267,-0.274,-0.274,0
-1.1775,-0.31757,-0.30912,0.52353,0.16664,-0.019287,-0.019458,1,1.0295,-0.272,-0.272,0
-1.1752,-0.30671,-0.29845,0.51898,0.1652,-0.018516,-0.018702,1,1.0324,-0.27,-0.27,0
-1.1732,-0.29632,-0.28821,0.51482,0.16387,-0.017798,-0.017996,1,1.0352,-0.268,-0.268,0
-1.1713,-0.28587,-0.27791,0.51066,0.16255,-0.017077,-0.017288,1,1.038,-0.266,-0.266,0
-1.1694,-0.27536,-0.26756,0.50648,0.16122,-0.016355,-0.016578,1,1.0409,-0.264,-0.264,0
-1.1675,-0.26478,-0.25714,0.50229,0.15988,-0.01563,-0.015865,1,1.0437,-0.262,-0.262,0
-1.1657,-0.25415,-0.24666,0.49808,0.15854,-0.014903,-0.01515,1,1.0465,-0.26,-0.26,0
-1.1639,-0.24284,-0.23549,0.49378,0.15718,-0.014155,-0.014415,1,1.0493,-0.258,-0.258,0
-1.1622,-0.23138,-0.22416,0.48946,0.1558,-0.013405,-0.013676,1,1.0522,-0.256,-0.256,0
-1.1605,-0.21976,-0.21269,0.48512,0.15442,-0.012652,-0.012934,1,1.055,-0.254,-0.254,0
-1.1589,-0.20798,-0.20105,0.48076,0.15303,-0.011895,-0.012189,1,1.0578,-0.252,-0.252,0
-1.1572,-0.19605,-0.18927,0.47637,0.15163,-0.011135,-0.011441,1,1.0607,-0.25,-0.25,0
-1.1559,-0.18455,-0.17788,0.47254,0.15042,-0.010451,-0.010766,1,1.0635,-0.248,-0.248,0
-1.1546,-0.17325,-0.16668,0.46884,0.14924,-0.0097841,-0.01011,1,1.0663,-0.246,-0.246,0
-1.1534,-0.16214,-0.15568,0.46527,0.1481,-0.0091357,-0.0094718,1,1.0691,-0.244,-0.244,0
-1.1522,-0.15123,-0.14488,0.46183,0.147,-0.0085055,-0.008852,1,1.072,-0.242,-0.242,0
-1.1511,-0.14051,-0.13427,0.45851,0.14595,-0.0078934,-0.0082506,1,1.0748,-0.24,-0.24,0
-1.1504,-0.13174,-0.12561,0.45622,0.14522,-0.0074186,-0.0077873,1,1.0776,-0.238,-0.238,0
-1.1497,-0.12329,-0.11728,0.45407,0.14454,-0.0069646,-0.0073455,1,1.0805,-0.236,-0.236,0
-1.1491,-0.11518,-0.10929,0.45208,0.1439,-0.0065312,-0.0069251,1,1.0833,-0.234,-0.234,0
-1.1485,-0.1074,-0.10165,0.45024,0.14331,-0.0061186,-0.0065261,1,1.0861,-0.232,-0.232,0
-1.1479,-0.099957,-0.094342,0.44855,0.14278,-0.0057267,-0.0061487,1,1.0889,-0.23,-0.23,0
-1.1476,-0.094458,-0.088989,0.44771,0.14251,-0.0054465,-0.0058834,1,1.0918,-0.228,-0.228,0
-1.1473,-0.089217,-0.083897,0.44696,0.14227,-0.0051799,-0.0056322,1,1.0946,-0.226,-0.226,0
-1.147,-0.084234,-0.079066,0.44632,0.14207,-0.0049269,-0.0053948,1,1.0974,-0.224,-0.224,0
-1.1467,-0.079508,-0.074496,0.44578,0.1419,-0.0046875,-0.0051714,1,1.1003,-0.222,-0.222,0
-1.1465,-0.07504,-0.070187,0.44534,0.14175,-0.0044617,-0.0049619,1,1.1031,-0.22,-0.22,0
-1.1464,-0.071737,-0.067041,0.44533,0.14175,-0.0042931,-0.0048108,1,1.1059,-0.218,-0.218,0
-1.1462,-0.06853,-0.064011,0.44536,0.14176,-0.0041279,-0.0046649,1,1.1087,-0.216,-0.216,0
-1.1461,-0.065417,-0.061097,0.44541,0.14178,-0.0039662,-0.0045241,1,1.1116,-0.214,-0.214,0
-1.146,-0.0624,-0.0583,0.4455,0.14181,-0.0038079,-0.0043884,1,1.1144,-0.212,-0.212,0
-1.1458,-0.059478,-0.055618,0.44561,0.14184,-0.003653,-0.004258,1,1.1172,-0.21,-0.21,0
-1.1457,-0.056666,-0.053003,0.44567,0.14186,-0.0034943,-0.0041223,1,1.1201,-0.208,-0.208,0
-1.1457,-0.053774,-0.050308,0.44568,0.14186,-0.0033292,-0.0039811,1,1.1229,-0.206,-0.206,0
-1.1456,-0.050804,-0.047533,0.44564,0.14185,-0.0031577,-0.0038344,1,1.1257,-0.204,-0.204,0
-1.1455,-0.047755,-0.044678,0.44554,0.14182,-0.0029799,-0.0036823,1,1.1285,-0.202,-0.202,0
-1.1454,-0.044628,-0.041744,0.44539,0.14177,-0.0027957,-0.0035247,1,1.1314,-0.2,-0.2,0
-1.1453,-0.040818,-0.03771,0.44477,0.14157,-0.0025654,-0.0033047,1,1.1342,-0.198,-0.198,0
-1.1452,-0.036874,-0.033448,0.44407,0.14135,-0.0023251,-0.0030744,1,1.137,-0.196,-0.196,0
-1.1451,-0.032794,-0.028959,0.44329,0.1411,-0.002075,-0.0028338,1,1.1399,-0.194,-0.194,0
-1.145,-0.028578,-0.024241,0.44243,0.14083,-0.0018149,-0.0025829,1,1.1427,-0.192,-0.192,0
-1.1449,-0.024228,-0.019295,0.44149,0.14053,-0.0015449,-0.0023217,1,1.1455,-0.19,-0.19,0
-1.1449,-0.019588,-0.014958,0.43971,0.13996,-0.0010585,-0.0019027,1,1.1483,-0.188,-0.188,0
-1.1448,-0.014431,-0.010554,0.43775,0.13934,-0.00053969,-0.0014297,1,1.1512,-0.186,-0.186,0
-1.1448,-0.008758,-0.0060854,0.4356,0.13866,1.158e-05,-0.00090261,1,1.154,-0.184,-0.184,0
-1.1448,-0.0025685,-0.0015511,0.43329,0.13792,0.00059529,-0.0003215,1,1.1568,-0.182,-0.182,0
-1.1448,0.0041375,0.0030486,0.43079,0.13712,0.0012114,0.00031365,1,1.1597,-0.18,-0.18,0
-1.1449,0.014021,0.0096674,0.42842,0.13637,0.0016587,0.00097454,1,1.1625,-0.178,-0.178,0
-1.145,0.023208,0.0161,0.4263,0.1357,0.0020531,0.0015691,1,1.1653,-0.176,-0.176,0
-1.1451,0.031698,0.022347,0.42444,0.1351,0.0023944,0.0020973,1,1.1681,-0.174,-0.174,0
-1.1452,0.03949,0.028408,0.42284,0.13459,0.0026828,0.0025592,1,1.171,-0.172,-0.172,0
-1.1453,0.046585,0.034283,0.42149,0.13416,0.0029182,0.0029547,1,1.1738,-0.17,-0.17,0
-1.1454,0.048985,0.036512,0.42127,0.13409,0.0030333,0.0030461,1,1.1766,-0.168,-0.168,0
-1.1454,0.051183,0.038606,0.42114,0.13405,0.0031374,0.0031333,1,1.1795,-0.166,-0.166,0
-1.1455,0.053181,0.040565,0.42111,0.13404,0.0032304,0.0032165,1,1.1823,-0.164,-0.164,0
-1.1455,0.054977,0.042389,0.42118,0.13406,0.0033124,0.0032956,1,1.1851,-0.162,-0.162,0
-1.1456,0.056572,0.044077,0.42134,0.13412,0.0033834,0.0033706,1,1.1879,-0.16,-0.16,0
-1.1456,0.05771,0.045131,0.42168,0.13423,0.0034395,0.0034217,1,1.1908,-0.158,-0.158,0
-1.1457,0.058776,0.046149,0.42204,0.13434,0.0034921,0.0034717,1,1.1936,-0.156,-0.156,0
-1.1457,0.059769,0.047133,0.42242,0.13446,0.0035413,0.0035206,1,1.1964,-0.154,-0.154,0
-1.1457,0.060689,0.048081,0.42282,0.13459,0.003587,0.0035684,1,1.1993,-0.152,-0.152,0
-1.1458,0.061537,0.048994,0.42324,0.13472,0.0036293,0.0036152,1,1.2021,-0.15,-0.15,0
-1.1458,0.062173,0.049813,0.42373,0.13488,0.0036593,0.0036572,1,1.2049,-0.148,-0.148,0
-1.1458,0.06275,0.050578,0.42424,0.13504,0.0036869,0.0036974,1,1.2077,-0.146,-0.146,0
-1.1458,0.063268,0.051289,0.42477,0.13521,0.0037121,0.0037358,1,1.2106,-0.144,-0.144,0
-1.1459,0.063728,0.051948,0.42533,0.13539,0.0037349,0.0037723,1,1.2134,-0.142,-0.142,0
-1.1459,0.064129,0.052553,0.42591,0.13557,0.0037552,0.0038071,1,1.2162,-0.14,-0.14,0
-1.1459,0.064504,0.053062,0.42651,0.13576,0.0037761,0.0038367,1,1.2191,-0.138,-0.138,0
-1.1459,0.064848,0.053538,0.42712,0.13596,0.003796,0.0038653,1,1.2219,-0.136,-0.136,0
-1.1459,0.065163,0.053982,0.42775,0.13616,0.003815,0.0038928,1,1.2247,-0.134,-0.134,0
-1.1459,0.065446,0.054393,0.4284,0.13637,0.003833,0.0039192,1,1.2275,-0.132,-0.132,0
-1.146,0.0657,0.054772,0.42907,0.13658,0.0038502,0.0039445,1,1.2304,-0.13,-0.13,0
-1.146,0.066277,0.055302,0.42967,0.13677,0.0038847,0.0039763,1,1.2332,-0.128,-0.128,0
-1.146,0.066837,0.055825,0.43029,0.13697,0.0039188,0.0040082,1,1.236,-0.126,-0.126,0
-1.146,0.067379,0.056342,0.43093,0.13717,0.0039524,0.0040401,1,1.2389,-0.124,-0.124,0
-1.146,0.067903,0.056852,0.43158,0.13738,0.0039855,0.0040721,1,1.2417,-0.122,-0.122,0
-1.1461,0.068408,0.057355,0.43226,0.13759,0.0040181,0.0041042,1,1.2445,-0.12,-0.12,0
-1.1461,0.069215,0.058043,0.43287,0.13779,0.0040629,0.0041414,1,1.2473,-0.118,-0.118,0
-1.1461,0.069973,0.058706,0.43353,0.138,0.0041055,0.0041777,1,1.2502,-0.116,-0.116,0
-1.1462,0.070682,0.059344,0.43424,0.13822,0.0041458,0.004213,1,1.253,-0.114,-0.114,0
-1.1462,0.071343,0.059957,0.435,0.13846,0.0041838,0.0042473,1,1.2558,-0.112,-0.112,0
-1.1462,0.071955,0.060544,0.4358,0.13872,0.0042195,0.0042807,1,1.2587,-0.11,-0.11,0
-1.1462,0.07261,0.061082,0.43668,0.139,0.0042561,0.0043097,1,1.2615,-0.108,-0.108,0
-1.1463,0.073181,0.061554,0.43763,0.1393,0.0042896,0.0043367,1,1.2643,-0.106,-0.106,0
-1.1463,0.073667,0.061959,0.43864,0.13962,0.0043199,0.0043616,1,1.2671,-0.104,-0.104,0
-1.1463,0.074069,0.062297,0.43971,0.13996,0.0043471,0.0043844,1,1.27,-0.102,-0.102,0
-1.1463,0.074387,0.06257,0.44085,0.14033,0.0043712,0.0044051,1,1.2728,-0.1,-0.1,0
-1.1463,0.074634,0.062698,0.44198,0.14069,0.0043937,0.0044197,1,1.2756,-0.098,-0.098,0
-1.1463,0.074835,0.062794,0.44316,0.14106,0.0044148,0.0044339,1,1.2784,-0.096,-0.096,0
-1.1463,0.07499,0.062857,0.44436,0.14145,0.0044345,0.0044475,1,1.2813,-0.094,-0.094,0
-1.1463,0.075098,0.062887,0.4456,0.14184,0.0044528,0.0044607,1,1.2841,-0.092,-0.092,0
-1.1463,0.075159,0.062885,0.44688,0.14225,0.0044697,0.0044734,1,1.2869,-0.09,-0.09,0
-1.1464,0.075498,0.063137,0.44808,0.14263,0.0044984,0.0044957,1,1.2898,-0.088,-0.088,0
-1.1464,0.075878,0.063431,0.44932,0.14302,0.0045299,0.0045211,1,1.2926,-0.086,-0.086,0
-1.1464,0.0763,0.063768,0.45059,0.14343,0.0045642,0.0045497,1,1.2954,-0.084,-0.084,0
-1.1464,0.076763,0.064148,0.4519,0.14384,0.0046014,0.0045815,1,1.2982,-0.082,-0.082,0
-1.1464,0.077268,0.064571,0.45324,0.14427,0.0046414,0.0046164,1,1.3011,-0.08,-0.08,0
-1.1465,0.078054,0.065254,0.45456,0.14469,0.0046975,0.0046647,1,1.3039,-0.078,-0.078,0
-1.1465,0.078813,0.065896,0.45588,0.14511,0.0047537,0.0047126,1,1.3067,-0.076,-0.076,0
-1.1465,0.079544,0.066496,0.45721,0.14553,0.0048101,0.0047602,1,1.3096,-0.074,-0.074,0
-1.1466,0.080249,0.067056,0.45855,0.14596,0.0048666,0.0048074,1,1.3124,-0.072,-0.072,0
-1.1466,0.080926,0.067575,0.45989,0.14639,0.0049233,0.0048542,1,1.3152,-0.07,-0.07,0
-1.1466,0.080933,0.067465,0.46095,0.14673,0.0049425,0.0048639,1,1.318,-0.068,-0.068,0
-1.1466,0.080811,0.067217,0.46199,0.14706,0.0049544,0.004866,1,1.3209,-0.066,-0.066,0
-1.1466,0.080561,0.06683,0.463,0.14738,0.0049592,0.0048606,1,1.3237,-0.064,-0.064,0
-1.1465,0.080184,0.066304,0.46399,0.14769,0.0049568,0.0048478,1,1.3265,-0.062,-0.062,0
-1.1465,0.079678,0.065639,0.46495,0.148,0.0049472,0.0048274,1,1.3294,-0.06,-0.06,0
-1.1465,0.078295,0.064227,0.46581,0.14827,0.0048789,0.0047533,1,1.3322,-0.058,-0.058,0
-1.1464,0.07681,0.062704,0.46671,0.14856,0.0048051,0.0046737,1,1.335,-0.056,-0.056,0
-1.1463,0.075221,0.06107,0.46765,0.14886,0.0047256,0.0045886,1,1.3378,-0.054,-0.054,0
-1.1462,0.07353,0.059325,0.46862,0.14917,0.0046407,0.004498,1,1.3407,-0.052,-0.052,0
-1.1462,0.071735,0.057469,0.46963,0.14949,0.0045501,0.004402,1,1.3435,-0.05,-0.05,0
-1.1461,0.069364,0.055146,0.47078,0.14985,0.0044271,0.0042772,1,1.3463,-0.048,-0.048,0
-1.146,0.066958,0.052778,0.47194,0.15022,0.0043043,0.0041531,1,1.3492,-0.046,-0.046,0
-1.1459,0.064516,0.050366,0.47311,0.1506,0.0041815,0.0040297,1,1.352,-0.044,-0.044,0
-1.1458,0.062038,0.047909,0.47429,0.15097,0.0040589,0.0039071,1,1.3548,-0.042,-0.042,0
-1.1457,0.059524,0.045407,0.47548,0.15135,0.0039363,0.0037851,1,1.3576,-0.04,-0.04,0
-1.1456,0.056988,0.042951,0.47635,0.15163,0.0038114,0.0036605,1,1.3605,-0.038,-0.038,0
-1.1455,0.054489,0.040521,0.47716,0.15188,0.0036892,0.00354,1,1.3633,-0.036,-0.036,0
-1.1455,0.052025,0.038116,0.4779,0.15212,0.0035699,0.0034236,1,1.3661,-0.034,-0.034,0
-1.1454,0.049598,0.035736,0.47858,0.15234,0.0034534,0.0033115,1,1.369,-0.032,-0.032,0
-1.1453,0.047207,0.033381,0.4792,0.15253,0.0033398,0.0032034,1,1.3718,-0.03,-0.03,0
-1.1453,0.044875,0.031159,0.47939,0.15259,0.0032129,0.0030757,1,1.3746,-0.028,-0.028,0
-1.1452,0.042556,0.02894,0.47956,0.15265,0.0030871,0.0029526,1,1.3774,-0.026,-0.026,0
-1.1452,0.040248,0.026725,0.4797,0.15269,0.0029626,0.002834,1,1.3803,-0.024,-0.024,0
-1.1451,0.037953,0.024515,0.47983,0.15274,0.0028392,0.00272,1,1.3831,-0.022,-0.022,0
-1.145,0.035671,0.022308,0.47994,0.15277,0.002717,0.0026105,1,1.3859,-0.02,-0.02,0
-1.145,0.033023,0.020165,0.47999,0.15278,0.002542,0.0024623,1,1.3888,-0.018,-0.018,0
-1.145,0.030275,0.017981,0.48006,0.15281,0.0023545,0.0023264,1,1.3916,-0.016,-0.016,0
-1.1449,0.027428,0.015757,0.48017,0.15284,0.0021545,0.0022029,1,1.3944,-0.014,-0.014,0
-1.1449,0.02448,0.013494,0.4803,0.15288,0.0019421,0.0020917,1,1.3972,-0.012,-0.012,0
-1.1449,0.021432,0.01119,0.48046,0.15294,0.0017172,0.0019929,1,1.4001,-0.01,-0.01,0
-1.1448,0.017388,0.008976,0.48055,0.15296,0.0013903,0.0016558,1,1.4029,-0.008,-0.008,0
-1.1448,0.013223,0.00675,0.48065,0.153,0.0010551,0.001288,1,1.4057,-0.006,-0.006,0
-1.1448,0.0089369,0.004512,0.48076,0.15303,0.00071169,0.00088945,1,1.4086,-0.004,-0.004,0
-1.1448,0.0045292,0.002262,0.48087,0.15307,0.00035998,0.00046011,1,1.4114,-0.002,-0.002,0
-1.1448,3.3827e-16,-1.7347e-17,0.48099,0.1531,1.5678e-16,3.7432e-16,1,1.4142,0,0,0
-1.1448,-0.0045292,-0.002262,0.48087,0.15307,-0.00035998,-0.00046011,1,1.417,0.002,0.002,0
-1.1448,-0.0089369,-0.004512,0.48076,0.15303,-0.00071169,-0.00088945,1,1.4199,0.004,0.004,0
-1.1448,-0.013223,-0.00675,0.48065,0.153,-0.0010551,-0.001288,1,1.4227,0.006,0.006,0
-1.1448,-0.017388,-0.008976,0.48055,0.15296,-0.0013903,-0.0016558,1,1.4255,0.008,0.008,0
-1.1449,-0.021432,-0.01119,0.48046,0.15294,-0.0017172,-0.0019929,1,1.4284,0.01,0.01,0
-1.1449,-0.02448,-0.013494,0.4803,0.15288,-0.0019421,-0.0020917,1,1.4312,0.012,0.012,0
-1.1449,-0.027428,-0.015757,0.48017,0.15284,-0.0021545,-0.0022029,1,1.434,0.014,0.014,0
-1.145,-0.030275,-0.017981,0.48006,0.15281,-0.0023545,-0.0023264,1,1.4368,0.016,0.016,0
-1.145,-0.033023,-0.020165,0.47999,0.15278,-0.002542,-0.0024623,1,1.4397,0.018,0.018,0
-1.145,-0.035671,-0.022308,0.47994,0.15277,-0.002717,-0.0026105,1,1.4425,0.02,0.02,0
-1.1451,-0.037953,-0.024515,0.47983,0.15274,-0.0028392,-0.00272,1,1.4453,0.022,0.022,0
-1.1452,-0.040248,-0.026725,0.4797,0.15269,-0.0029626,-0.002834,1,1.4482,0.024,0.024,0
-1.1452,-0.042556,-0.02894,0.47956,0.15265,-0.0030871,-0.0029526,1,1.451,0.026,0.026,0
-1.1453,-0.044875,-0.031159,0.47939,0.15259,-0.0032129,-0.0030757,1,1.4538,0.028,0.028,0
-1.1453,-0.047207,-0.033381,0.4792,0.15253,-0.0033398,-0.0032034,1,1.4566,0.03,0.03,0
-1.1454,-0.049598,-0.035736,0.47858,0.15234,-0.0034534,-0.0033115,1,1.4595,0.032,0.032,0
-1.1455,-0.052025,-0.038116,0.4779,0.15212,-0.0035699,-0.0034236,1,1.4623,0.034,0.034,0
-1.1455,-0.054489,-0.040521,0.47716,0.15188,-0.0036892,-0.00354,1,1.4651,0.036,0.036,0
-1.1456,-0.056988,-0.042951,0.47635,0.15163,-0.0038114,-0.0036605,1,1.468,0.038,0.038,0
-1.1457,-0.059524,-0.045407,0.47548,0.15135,-0.0039363,-0.0037851,1,1.4708,0.04,0.04,0
-1.1458,-0.062038,-0.047909,0.47429,0.15097,-0.0040589,-0.0039071,1,1.4736,0.042,0.042,0
-1.1459,-0.064516,-0.050366,0.47311,0.1506,-0.0041815,-0.0040297,1,1.4764,0.044,0.044,0
-1.146,-0.066958,-0.052778,0.47194,0.15022,-0.0043043,-0.0041531,1,1.4793,0.046,0.046,0
-1.1461,-0.069364,-0.055146,0.47078,0.14985,-0.0044271,-0.0042772,1,1.4821,0.048,0.048,0
-1.1462,-0.071735,-0.057469,0.46963,0.14949,-0.0045501,-0.004402,1,1.4849,0.05,0.05,0
-1.1462,-0.07353,-0.059325,0.46862,0.14917,-0.0046407,-0.004498,1,1.4878,0.052,0.052,0
-1.1463,-0.075221,-0.06107,0.46765,0.14886,-0.0047256,-0.0045886,1,1.4906,0.054,0.054,0
-1.1464,-0.07681,-0.062704,0.46671,0.14856,-0.0048051,-0.0046737,1,1.4934,0.056,0.056,0
-1.1465,-0.078295,-0.064227,0.46581,0.14827,-0.0048789,-0.0047533,1,1.4962,0.058,0.058,0
-1.1465,-0.079678,-0.065639,0.46495,0.148,-0.0049472,-0.0048274,1,1.4991,0.06,0.06,0
-1.1465,-0.080184,-0.066304,0.46399,0.14769,-0.0049568,-0.0048478,1,1.5019,0.062,0.062,0
-1.1466,-0.080561,-0.06683,0.463,0.14738,-0.0049592,-0.0048606,1,1.5047,0.064,0.064,0
-1.1466,-0.080811,-0.067217,0.46199,0.14706,-0.0049544,-0.004866,1,1.5076,0.066,0.066,0
-1.1466,-0.080933,-0.067465,0.46095,0.14673,-0.0049425,-0.0048639,1,1.5104,0.068,0.068,0
-1.1466,-0.080926,-0.067575,0.45989,0.14639,-0.0049233,-0.0048542,1,1.5132,0.07,0.07,0
-1.1466,-0.080249,-0.067056,0.45855,0.14596,-0.0048666,-0.0048074,1,1.516,0.072,0.072,0
-1.1465,-0.079544,-0.066496,0.45721,0.14553,-0.0048101,-0.0047602,1,1.5189,0.074,0.074,0
-1.1465,-0.078813,-0.065896,0.45588,0.14511,-0.0047537,-0.0047126,1,1.5217,0.076,0.076,0
-1.1465,-0.078054,-0.065254,0.45456,0.14469,-0.0046975,-0.0046647,1,1.5245,0.078,0.078,0
-1.1464,-0.077268,-0.064571,0.45324,0.14427,-0.0046414,-0.0046164,1,1.5274,0.08,0.08,0
-1.1464,-0.076763,-0.064148,0.4519,0.14384,-0.0046014,-0.0045815,1,1.5302,0.082,0.082,0
-1.1464,-0.0763,-0.063768,0.45059,0.14343,-0.0045642,-0.0045497,1,1.533,0.084,0.084,0
-1.1464,-0.075878,-0.063431,0.44932,0.14302,-0.0045299,-0.0045211,1,1.5358,0.086,0.086,0
-1.1464,-0.075498,-0.063137,0.44808,0.14263,-0.0044984,-0.0044957,1,1.5387,0.088,0.088,0
-1.1463,-0.075159,-0.062885,0.44688,0.14225,-0.0044697,-0.0044734,1,1.5415,0.09,0.09,0
-1.1463,-0.075098,-0.062887,0.4456,0.14184,-0.0044528,-0.0044607,1,1.5443,0.092,0.092,0
-1.1463,-0.07499,-0.062857,0.44436,0.14145,-0.0044345,-0.0044475,1,1.5471,0.094,0.094,0
-1.1463,-0.074835,-0.062794,0.44316,0.14106,-0.0044148,-0.0044339,1,1.55,0.096,0.096,0
-1.1463,-0.074634,-0.062698,0.44198,0.14069,-0.0043937,-0.0044197,1,1.5528,0.098,0.098,0
-1.1463,-0.074387,-0.06257,0.44085,0.14033,-0.0043712,-0.0044051,1,1.5556,0.1,0.1,0
-1.1463,-0.074069,-0.062297,0.43971,0.13996,-0.0043471,-0.0043844,1,1.5585,0.102,0.102,0
-1.1463,-0.073667,-0.061959,0.43864,0.13962,-0.0043199,-0.0043616,1,1.5613,0.104,0.104,0
-1.1463,-0.073181,-0.061554,0.43763,0.1393,-0.0042896,-0.0043367,1,1.5641,0.106,0.106,0
-1.1462,-0.07261,-0.061082,0.43668,0.139,-0.0042561,-0.0043097,1,1.5669,0.108,0.108,0
-1.1462,-0.071955,-0.060544,0.4358,0.13872,-0.0042195,-0.0042807,1,1.5698,0.11,0.11,0
-1.1462,-0.071343,-0.059957,0.435,0.13846,-0.0041838,-0.0042473,1,1.5726,0.112,0.112,0
-1.1462,-0.070682,-0.059344,0.43424,0.13822,-0.0041458,-0.004213,1,1.5754,0.114,0.114,0
-1.1461,-0.069973,-0.058706,0.43353,0.138,-0.0041055,-0.0041777,1,1.5783,0.116,0.116,0
-1.1461,-0.069215,-0.058043,0.43287,0.13779,-0.0040629,-0.0041414,1,1.5811,0.118,0.118,0
-1.1461,-0.068408,-0.057355,0.43226,0.13759,-0.0040181,-0.0041042,1,1.5839,0.12,0.12,0
-1.146,-0.067903,-0.056852,0.43158,0.13738,-0.0039855,-0.0040721,1,1.5867,0.122,0.122,0
-1.146,-0.067379,-0.056342,0.43093,0.13717,-0.0039524,-0.0040401,1,1.5896,0.124,0.124,0
-1.146,-0.066837,-0.055825,0.43029,0.13697,-0.0039188,-0.0040082,1,1.5924,0.126,0.126,0
-1.146,-0.066277,-0.055302,0.42967,0.13677,-0.0038847,-0.0039763,1,1.5952,0.128,0.128,0
-1.146,-0.0657,-0.054772,0.42907,0.13658,-0.0038502,-0.0039445,1,1.5981,0.13,0.13,0
-1.1459,-0.065446,-0.054393,0.4284,0.13637,-0.003833,-0.0039192,1,1.6009,0.132,0.132,0
-1.1459,-0.065163,-0.053982,0.42775,0.13616,-0.003815,-0.0038928,1,1.6037,0.134,0.134,0
-1.1459,-0.064848,-0.053538,0.42712,0.13596,-0.003796,-0.0038653,1,1.6065,0.136,0.136,0
-1.1459,-0.064504,-0.053062,0.42651,0.13576,-0.0037761,-0.0038367,1,1.6094,0.138,0.138,0
-1.1459,-0.064129,-0.052553,0.42591,0.13557,-0.0037552,-0.0038071,1,1.6122,0.14,0.14,0
-1.1459,-0.063728,-0.051948,0.42533,0.13539,-0.0037349,-0.0037723,1,1.615,0.142,0.142,0
-1.1458,-0.063268,-0.051289,0.42477,0.13521,-0.0037121,-0.0037358,1,1.6179,0.144,0.144,0
-1.1458,-0.06275,-0.050578,0.42424,0.13504,-0.0036869,-0.0036974,1,1.6207,0.146,0.146,0
-1.1458,-0.062173,-0.049813,0.42373,0.13488,-0.0036593,-0.0036572,1,1.6235,0.148,0.148,0
-1.1458,-0.061537,-0.048994,0.42324,0.13472,-0.0036293,-0.0036152,1,1.6263,0.15,0.15,0
-1.1457,-0.060689,-0.048081,0.42282,0.13459,-0.003587,-0.0035684,1,1.6292,0.152,0.152,0
-1.1457,-0.059769,-0.047133,0.42242,0.13446,-0.0035413,-0.0035206,1,1.632,0.154,0.154,0
-1.1457,-0.058776,-0.046149,0.42204,0.13434,-0.0034921,-0.0034717,1,1.6348,0.156,0.156,0
-1.1456,-0.05771,-0.045131,0.42168,0.13423,-0.0034395,-0.0034217,1,1.6377,0.158,0.158,0
-1.1456,-0.056572,-0.044077,0.42134,0.13412,-0.0033834,-0.0033706,1,1.6405,0.16,0.16,0
-1.1455,-0.054977,-0.042389,0.42118,0.13406,-0.0033124,-0.0032956,1,1.6433,0.162,0.162,0
-1.1455,-0.053181,-0.040565,0.42111,0.13404,-0.0032304,-0.0032165,1,1.6461,0.164,0.164,0
-1.1454,-0.051183,-0.038606,0.42114,0.13405,-0.0031374,-0.0031333,1,1.649,0.166,0.166,0
-1.1454,-0.048985,-0.036512,0.42127,0.13409,-0.0030333,-0.0030461,1,1.6518,0.168,0.168,0
-1.1453,-0.046585,-0.034283,0.42149,0.13416,-0.0029182,-0.0029547,1,1.6546,0.17,0.17,0
-1.1452,-0.03949,-0.028408,0.42284,0.13459,-0.0026828,-0.0025592,1,1.6575,0.172,0.172,0
-1.1451,-0.031698,-0.022347,0.42444,0.1351,-0.0023944,-0.0020973,1,1.6603,0.174,0.174,0
-1.145,-0.023208,-0.0161,0.4263,0.1357,-0.0020531,-0.0015691,1,1.6631,0.176,0.176,0
-1.1449,-0.014021,-0.0096674,0.42842,0.13637,-0.0016587,-0.00097454,1,1.6659,0.178,0.178,0
-1.1448,-0.0041375,-0.0030486,0.43079,0.13712,-0.0012114,-0.00031365,1,1.6688,0.18,0.18,0
-1.1448,0.0025685,0.0015511,0.43329,0.13792,-0.00059529,0.0003215,1,1.6716,0.182,0.182,0
-1.1448,0.008758,0.0060854,0.4356,0.13866,-1.158e-05,0.00090261,1,1.6744,0.184,0.184,0
-1.1448,0.014431,0.010554,0.43775,0.13934,0.00053969,0.0014297,1,1.6773,0.186,0.186,0
-1.1449,0.019588,0.014958,0.43971,0.13996,0.0010585,0.0019027,1,1.6801,0.188,0.188,0
-1.1449,0.024228,0.019295,0.44149,0.14053,0.0015449,0.0023217,1,1.6829,0.19,0.19,0
-1.145,0.028578,0.024241,0.44243,0.14083,0.0018149,0.0025829,1,1.6857,0.192,0.192,0
-1.1451,0.032794,0.028959,0.44329,0.1411,0.002075,0.0028338,1,1.6886,0.194,0.194,0
-1.1452,0.036874,0.033448,0.44407,0.14135,0.0023251,0.0030744,1,1.6914,0.196,0.196,0
-1.1453,0.040818,0.03771,0.44477,0.14157,0.0025654,0.0033047,1,1.6942,0.198,0.198,0
-1.1454,0.044628,0.041744,0.44539,0.14177,0.0027957,0.0035247,1,1.6971,0.2,0.2,0
-1.1455,0.047755,0.044678,0.44554,0.14182,0.0029799,0.0036823,1,1.6999,0.202,0.202,0
-1.1456,0.050804,0.047533,0.44564,0.14185,0.0031577,0.0038344,1,1.7027,0.204,0.204,0
-1.1457,0.053774,0.050308,0.44568,0.14186,0.0033292,0.0039811,1,1.7055,0.206,0.206,0
-1.1457,0.056666,0.053003,0.44567,0.14186,0.0034943,0.0041223,1,1.7084,0.208,0.208,0
-1.1458,0.059478,0.055618,0.44561,0.14184,0.003653,0.004258,1,1.7112,0.21,0.21,0
-1.146,0.0624,0.0583,0.4455,0.14181,0.0038079,0.0043884,1,1.714,0.212,0.212,0
-1.1461,0.065417,0.061097,0.44541,0.14178,0.0039662,0.0045241,1,1.7169,0.214,0.214,0
-1.1462,0.06853,0.064011,0.44536,0.14176,0.0041279,0.0046649,1,1.7197,0.216,0.216,0
-1.1464,0.071737,0.067041,0.44533,0.14175,0.0042931,0.0048108,1,1.7225,0.218,0.218,0
-1.1465,0.07504,0.070187,0.44534,0.14175,0.0044617,0.0049619,1,1.7253,0.22,0.22,0
-1.1467,0.079508,0.074496,0.44578,0.1419,0.0046875,0.0051714,1,1.7282,0.222,0.222,0
-1.147,0.084234,0.079066,0.44632,0.14207,0.0049269,0.0053948,1,1.731,0.224,0.224,0
-1.1473,0.089217,0.083897,0.44696,0.14227,0.0051799,0.0056322,1,1.7338,0.226,0.226,0
-1.1476,0.094458,0.088989,0.44771,0.14251,0.0054465,0.0058834,1,1.7367,0.228,0.228,0
-1.1479,0.099957,0.094342,0.44855,0.14278,0.0057267,0.0061487,1,1.7395,0.23,0.23,0
-1.1485,0.1074,0.10165,0.45024,0.14331,0.0061186,0.0065261,1,1.7423,0.232,0.232,0
-1.1491,0.11518,0.10929,0.45208,0.1439,0.0065312,0.0069251,1,1.7451,0.234,0.234,0
-1.1497,0.12329,0.11728,0.45407,0.14454,0.0069646,0.0073455,1,1.748,0.236,0.236,0
-1.1504,0.13174,0.12561,0.45622,0.14522,0.0074186,0.0077873,1,1.7508,0.238,0.238,0
-1.1511,0.14051,0.13427,0.45851,0.14595,0.0078934,0.0082506,1,1.7536,0.24,0.24,0
-1.1522,0.15123,0.14488,0.46183,0.147,0.0085055,0.008852,1,1.7565,0.242,0.242,0
-1.1534,0.16214,0.15568,0.46527,0.1481,0.0091357,0.0094718,1,1.7593,0.244,0.244,0
-1.1546,0.17325,0.16668,0.46884,0.14924,0.0097841,0.01011,1,1.7621,0.246,0.246,0
-1.1559,0.18455,0.17788,0.47254,0.15042,0.010451,0.010766,1,1.7649,0.248,0.248,0
-1.1572,0.19605,0.18927,0.47637,0.15163,0.011135,0.011441,1,1.7678,0.25,0.25,0
-1.1589,0.20798,0.20105,0.48076,0.15303,0.011895,0.012189,1,1.7706,0.252,0.252,0
-1.1605,0.21976,0.21269,0.48512,0.15442,0.012652,0.012934,1,1.7734,0.254,0.254,0
-1.1622,0.23138,0.22416,0.48946,0.1558,0.013405,0.013676,1,1.7763,0.256,0.256,0
-1.1639,0.24284,0.23549,0.49378,0.15718,0.014155,0.014415,1,1.7791,0.258,0.258,0
-1.1657,0.25415,0.24666,0.49808,0.15854,0.014903,0.01515,1,1.7819,0.26,0.26,0
-1.1675,0.26478,0.25714,0.50229,0.15988,0.01563,0.015865,1,1.7847,0.262,0.262,0
-1.1694,0.27536,0.26756,0.50648,0.16122,0.016355,0.016578,1,1.7876,0.264,0.264,0
-1.1713,0.28587,0.27791,0.51066,0.16255,0.017077,0.017288,1,1.7904,0.266,0.266,0
-1.1732,0.29632,0.28821,0.51482,0.16387,0.017798,0.017996,1,1.7932,0.268,0.268,0
-1.1752,0.30671,0.29845,0.51898,0.1652,0.018516,0.018702,1,1.7961,0.27,0.27,0
-1.1775,0.31757,0.30912,0.52353,0.16664,0.019287,0.019458,1,1.7989,0.272,0.272,0
-1.1798,0.32854,0.31989,0.52816,0.16812,0.020071,0.020227,1,1.8017,0.274,0.274,0
-1.1822,0.3396,0.33076,0.53287,0.16962,0.020866,0.021007,1,1.8045,0.276,0.276,0
-1.1846,0.35078,0.34174,0.53767,0.17115,0.021674,0.021799,1,1.8074,0.278,0.278,0
-1.1871,0.36206,0.35282,0.54255,0.1727,0.022495,0.022604,1,1.8102,0.28,0.28,0
-1.1901,0.37429,0.36481,0.54822,0.1745,0.023427,0.023517,1,1.813,0.282,0.282,0
-1.1932,0.3866,0.37689,0.55398,0.17634,0.024374,0.024445,1,1.8159,0.284,0.284,0
-1.1963,0.39899,0.38904,0.55983,0.1782,0.025336,0.025387,1,1.8187,0.286,0.286,0
-1.1995,0.41146,0.40127,0.56578,0.18009,0.026312,0.026343,1,1.8215,0.288,0.288,0
-1.2027,0.42401,0.41357,0.57182,0.18202,0.027303,0.027314,1,1.8243,0.29,0.29,0
-1.2064,0.43714,0.42644,0.57856,0.18416,0.028396,0.028384,1,1.8272,0.292,0.292,0
-1.2102,0.45029,0.43932,0.58537,0.18633,0.029499,0.029463,1,1.83,0.294,0.294,0
-1.214,0.46345,0.45221,0.59223,0.18851,0.030613,0.030552,1,1.8328,0.296,0.296,0
-1.2179,0.47663,0.46511,0.59915,0.19071,0.031736,0.031651,1,1.8356,0.298,0.298,0
-1.2218,0.48982,0.47802,0.60612,0.19294,0.032869,0.032759,1,1.8385,0.3,0.3,0
-1.2262,0.50352,0.49141,0.61375,0.19536,0.034101,0.033963,1,1.8413,0.302,0.302,0
-1.2307,0.51726,0.50484,0.62145,0.19781,0.035347,0.03518,1,1.8441,0.304,0.304,0
-1.2353,0.53105,0.51832,0.62922,0.20029,0.036606,0.03641,1,1.847,0.306,0.306,0
-1.2399,0.54489,0.53184,0.63707,0.20279,0.037879,0.037652,1,1.8498,0.308,0.308,0
-1.2446,0.55878,0.54541,0.645,0.20531,0.039165,0.038908,1,1.8526,0.31,0.31,0
-1.2499,0.57353,0.5598,0.65383,0.20812,0.040596,0.040303,1,1.8554,0.312,0.312,0
-1.2554,0.58837,0.57427,0.66277,0.21097,0.042047,0.041718,1,1.8583,0.314,0.314,0
-1.2609,0.60331,0.58883,0.67183,0.21385,0.04352,0.043153,1,1.8611,0.316,0.316,0
-1.2666,0.61835,0.60348,0.68101,0.21677,0.045013,0.044608,1,1.8639,0.318,0.318,0
-1.2723,0.63347,0.61822,0.6903,0.21973,0.046527,0.046083,1,1.8668,0.32,0.32,0
-1.2789,0.64972,0.63402,0.70077,0.22306,0.048238,0.047746,1,1.8696,0.322,0.322,0
-1.2856,0.66608,0.64992,0.7114,0.22645,0.049976,0.049435,1,1.8724,0.324,0.324,0
-1.2925,0.68257,0.66593,0.72217,0.22987,0.051742,0.051151,1,1.8752,0.326,0.326,0
-1.2994,0.69919,0.68206,0.7331,0.23335,0.053536,0.052893,1,1.8781,0.328,0.328,0
-1.3065,0.71592,0.6983,0.74417,0.23688,0.055357,0.054661,1,1.8809,0.33,0.33,0
-1.3146,0.73401,0.71581,0.75674,0.24088,0.057434,0.056673,1,1.8837,0.332,0.332,0
-1.323,0.75226,0.73346,0.76951,0.24494,0.059549,0.058721,1,1.8866,0.334,0.334,0
-1.3314,0.77068,0.75127,0.78248,0.24907,0.061702,0.060805,1,1.8894,0.336,0.336,0
-1.3401,0.78926,0.76923,0.79565,0.25326,0.063893,0.062925,1,1.8922,0.338,0.338,0
-1.3489,0.80801,0.78734,0.80902,0.25752,0.066122,0.065081,1,1.895,0.34,0.34,0
-1.3591,0.82841,0.80702,0.82435,0.2624,0.068693,0.067565,1,1.8979,0.342,0.342,0
-1.3695,0.84903,0.8269,0.83996,0.26737,0.071318,0.070099,1,1.9007,0.344,0.344,0
-1.3801,0.86985,0.84697,0.85585,0.27242,0.073995,0.072684,1,1.9035,0.346,0.346,0
-1.3909,0.89089,0.86725,0.87202,0.27757,0.076726,0.075319,1,1.9064,0.348,0.348,0
-1.4019,0.91214,0.88772,0.88847,0.28281,0.07951,0.078005,1,1.9092,0.35,0.35,0
-1.4147,0.93531,0.91007,0.90746,0.28885,0.082749,0.081131,1,1.912,0.352,0.352,0
-1.4278,0.95873,0.93266,0.92684,0.29502,0.086061,0.084327,1,1.9148,0.354,0.354,0
-1.4411,0.98239,0.9555,0.94659,0.30131,0.089444,0.087593,1,1.9177,0.356,0.356,0
-1.4546,1.0063,0.97857,0.96672,0.30772,0.0929,0.090928,1,1.9205,0.358,0.358,0
-1.4685,1.0305,1.0019,0.98723,0.31424,0.096427,0.094333,1,1.9233,0.36,0.36,0
-1.4845,1.0567,1.0274,1.011,0.32181,0.10055,0.098324,1,1.9262,0.362,0.362,0
-1.5008,1.0833,1.0531,1.0353,0.32954,0.10477,0.10241,1,1.929,0.364,0.364,0
-1.5174,1.1101,1.0791,1.06,0.33742,0.10909,0.10659,1,1.9318,0.366,0.366,0
-1.5344,1.1371,1.1054,1.0853,0.34546,0.1135,0.11086,1,1.9346,0.368,0.368,0
-1.5516,1.1645,1.132,1.1111,0.35366,0.11801,0.11523,1,1.9375,0.37,0.37,0
-1.5715,1.1941,1.161,1.141,0.3632,0.12329,0.12037,1,1.9403,0.372,0.372,0
-1.5917,1.2239,1.1903,1.1716,0.37294,0.12871,0.12564,1,1.9431,0.374,0.374,0
-1.6123,1.2541,1.2199,1.2028,0.38288,0.13424,0.13104,1,1.946,0.376,0.376,0
-1.6332,1.2845,1.2499,1.2347,0.39302,0.13991,0.13656,1,1.9488,0.378,0.378,0
-1.6545,1.3152,1.2801,1.2672,0.40337,0.14569,0.14221,1,1.9516,0.38,0.38,0
-1.6788,1.3483,1.3129,1.3051,0.41542,0.1525,0.14888,1,1.9544,0.382,0.382,0
-1.7036,1.3816,1.3461,1.3438,0.42773,0.15947,0.15572,1,1.9573,0.384,0.384,0
-1.7287,1.4153,1.3796,1.3832,0.4403,0.16659,0.16271,1,1.9601,0.386,0.386,0
-1.7542,1.4491,1.4134,1.4235,0.45312,0.17388,0.16988,1,1.9629,0.388,0.388,0
-1.7801,1.4833,1.4476,1.4646,0.4662,0.18133,0.1772,1,1.9658,0.39,0.39,0
-1.8095,1.52,1.4845,1.5124,0.48143,0.19008,0.18586,1,1.9686,0.392,0.392,0
-1.8392,1.557,1.5218,1.5613,0.49697,0.19905,0.19472,1,1.9714,0.394,0.394,0
-1.8694,1.5942,1.5594,1.6111,0.51282,0.20821,0.20379,1,1.9742,0.396,0.396,0
-1.9001,1.6317,1.5973,1.6619,0.52899,0.21757,0.21307,1,1.9771,0.398,0.398,0
-1.9311,1.6694,1.6355,1.7137,0.54548,0.22714,0.22256,1,1.9799,0.4,0.4,0
-1.9659,1.7098,1.6766,1.7736,0.56455,0.23833,0.23369,1,1.9827,0.402,0.402,0
-2.0011,1.7503,1.7179,1.8346,0.58396,0.24974,0.24506,1,1.9856,0.404,0.404,0
-2.0367,1.7911,1.7595,1.8966,0.60371,0.26139,0.25667,1,1.9884,0.406,0.406,0
-2.0727,1.8321,1.8014,1.9598,0.62381,0.27326,0.26851,1,1.9912,0.408,0.408,0
-2.1091,1.8734,1.8435,2.024,0.64425,0.28536,0.28058,1,1.994,0.41,0.41,0
-2.1492,1.917,1.8882,2.0964,0.66729,0.29918,0.29441,1,1.9969,0.412,0.412,0
-2.1898,1.9609,1.9332,2.1697,0.69065,0.31323,0.30848,1,1.9997,0.414,0.414,0
-2.2307,2.005,1.9785,2.2441,0.71433,0.32751,0.32278,1,2.0025,0.416,0.416,0
-2.2722,2.0494,2.024,2.3196,0.73834,0.34202,0.33732,1,2.0054,0.418,0.418,0
-2.3141,2.0941,2.0698,2.396,0.76266,0.35676,0.35209,1,2.0082,0.42,0.42,0
-2.3617,2.1431,2.1202,2.4825,0.79022,0.37369,0.36909,1,2.011,0.422,0.422,0
-2.4106,2.1932,2.1716,2.5714,0.81851,0.39111,0.38658,1,2.0138,0.424,0.424,0
-2.4609,2.2445,2.2242,2.6627,0.84755,0.40902,0.40458,1,2.0167,0.426,0.426,0
-2.5125,2.2968,2.278,2.7562,0.87732,0.42743,0.42308,1,2.0195,0.428,0.428,0
-2.5654,2.3503,2.3328,2.852,0.90783,0.44633,0.44209,1,2.0223,0.43,0.43,0
-2.6345,2.4178,2.402,2.9769,0.94759,0.47118,0.4671,1,2.0252,0.432,0.432,0
-2.7082,2.4893,2.4753,3.1105,0.99011,0.49779,0.49388,1,2.028,0.434,0.434,0
-2.7864,2.5648,2.5526,3.2528,1.0354,0.52617,0.52245,1,2.0308,0.436,0.436,0
-2.8692,2.6442,2.634,3.4037,1.0834,0.55631,0.55279,1,2.0336,0.438,0.438,0
-2.9565,2.7277,2.7195,3.5633,1.1342,0.58821,0.58491,1,2.0365,0.44,0.44,0
-3.1006,2.8598,2.8544,3.8379,1.2216,0.64349,0.6406,1,2.0393,0.442,0.442,0
-3.2573,3.0022,2.9998,4.1435,1.3189,0.70523,0.70282,1,2.0421,0.444,0.444,0
-3.4263,3.1549,3.1557,4.4801,1.4261,0.77344,0.77157,1,2.045,0.446,0.446,0
-3.6079,3.3179,3.3221,4.8477,1.5431,0.84811,0.84686,1,2.0478,0.448,0.448,0
-3.8019,3.4912,3.4989,5.2462,1.6699,0.92925,0.92868,1,2.0506,0.45,0.45,0
-4.0209,3.6806,3.692,5.689,1.8109,1.0226,1.023,1,2.0534,0.452,0.452,0
-4.233,3.8633,3.8783,6.0911,1.9388,1.1082,1.1097,1,2.0563,0.454,0.454,0
-4.4383,4.0393,4.0577,6.4523,2.0538,1.1862,1.1886,1,2.0591,0.456,0.456,0
-4.6367,4.2087,4.2302,6.7727,2.1558,1.2565,1.2599,1,2.0619,0.458,0.458,0
-4.8282,4.3713,4.3959,7.0523,2.2448,1.3192,1.3235,1,2.0648,0.46,0.46,0
-5.003,4.5161,4.5431,7.0501,2.2441,1.3268,1.3316,1,2.0676,0.462,0.462,0
-5.1815,4.6635,4.6931,7.0184,2.234,1.3285,1.3339,1,2.0704,0.464,0.464,0
-5.3637,4.8136,4.8457,6.9572,2.2146,1.3244,1.3302,1,2.0732,0.466,0.466,0
-5.5496,4.9664,5.0009,6.8666,2.1857,1.3144,1.3207,1,2.0761,0.468,0.468,0
-5.7392,5.1217,5.1589,6.7465,2.1475,1.2985,1.3052,1,2.0789,0.47,0.47,0
-5.9553,5.2962,5.3359,6.4981,2.0684,1.2565,1.2633,1,2.0817,0.472,0.472,0
-6.1675,5.4673,5.5095,6.2277,1.9823,1.2097,1.2166,1,2.0846,0.474,0.474,0
-6.376,5.6352,5.6798,5.9354,1.8893,1.1583,1.1652,1,2.0874,0.476,0.476,0
-6.5807,5.7997,5.8466,5.6211,1.7892,1.1021,1.109,1,2.0902,0.478,0.478,0
-6.7816,5.961,6.01,5.2848,1.6822,1.0412,1.048,1,2.093,0.48,0.48,0
-6.9645,6.1062,6.1563,4.8513,1.5442,0.95834,0.96467,1,2.0959,0.482,0.482,0
-7.1634,6.2638,6.3151,4.4251,1.4085,0.8766,0.88244,1,2.0987,0.484,0.484,0
-7.3783,6.4337,6.4863,4.0062,1.2752,0.79601,0.80136,1,2.1015,0.486,0.486,0
-7.6092,6.6159,6.6699,3.5946,1.1442,0.71658,0.72141,1,2.1043,0.488,0.488,0
-7.8561,6.8105,6.8659,3.1904,1.0155,0.63831,0.64262,1,2.1072,0.49,0.49,0
-8.3778,7.2147,7.2739,2.911,0.9266,0.58452,0.5885,1,2.11,0.492,0.492,0
-8.9627,7.6661,7.7298,2.6455,0.8421,0.53345,0.53712,1,2.1128,0.494,0.494,0
-9.6107,8.1649,8.2334,2.394,0.76204,0.48508,0.48847,1,2.1157,0.496,0.496,0
-10.322,8.7111,8.7849,2.1564,0.6864,0.43943,0.44256,1,2.1185,0.498,0.498,0
-11.096,9.3045,9.3842,1.9327,0.61519,0.39648,0.39939,1,2.1213,0.5,0.5,0
-11.917,9.9263,10.011,1.7048,0.54265,0.35117,0.35378,1,2.1241,0.502,0.502,0
-12.616,10.456,10.546,1.4753,0.4696,0.3052,0.3075,1,2.127,0.504,0.504,0
-13.194,10.894,10.988,1.2442,0.39604,0.25857,0.26055,1,2.1298,0.506,0.506,0
-13.652,11.241,11.338,1.0115,0.32196,0.21127,0.21291,1,2.1326,0.508,0.508,0
-13.988,11.495,11.594,0.77715,0.24738,0.16331,0.1646,1,2.1355,0.51,0.51,0
-13.335,10.999,11.095,0.6041,0.19229,0.12698,0.12798,1,2.1383,0.512,0.512,0
-12.559,10.406,10.499,0.45007,0.14326,0.094611,0.095359,1,2.1411,0.514,0.514,0
-11.66,9.7175,9.8052,0.31507,0.10029,0.066209,0.066734,1,2.1439,0.516,0.516,0
-10.637,8.9324,9.0147,0.19909,0.063371,0.041771,0.042104,1,2.1468,0.518,0.518,0
-9.4905,8.051,8.1272,0.10213,0.03251,0.021299,0.021472,1,2.1496,0.52,0.52,0
-8.0651,6.8971,6.9632,0.074883,0.023836,0.01556,0.015687,1,2.1524,0.522,0.522,0
-6.7057,5.777,5.8324,0.051787,0.016484,0.0107,0.010788,1,2.1553,0.524,0.524,0
-5.4121,4.6904,4.7348,0.032843,0.010454,0.0067202,0.0067757,1,2.1581,0.526,0.526,0
-4.1844,3.6376,3.6704,0.018052,0.0057463,0.0036194,0.0036497,1,2.1609,0.528,0.528,0
-3.0226,2.6184,2.6393,0.0074146,0.0023601,0.0013981,0.0014099,1,2.1637,0.53,0.53,0
-2.4934,2.0026,2.0148,0.0053224,0.0016942,0.00097884,0.00098703,1,2.1666,0.532,0.532,0
-2.046,1.4572,1.4617,0.0035882,0.0011422,0.00063302,0.00063819,1,2.1694,0.534,0.534,0
-1.6805,0.98211,0.97987,0.0022117,0.00070401,0.00036057,0.00036335,1,2.1722,0.536,0.536,0
-1.3969,0.57747,0.56936,0.0011931,0.00037978,0.00016152,0.00016252,1,2.1751,0.538,0.538,0
-1.1951,0.24322,0.23014,0.00053229,0.00016943,3.5853e-05,3.5696e-05,1,2.1779,0.54,0.54,0
-1.1772,0.16214,0.15284,0.00046047,0.00014657,2.4004e-05,2.375e-05,1,2.1807,0.542,0.542,0
-1.1632,0.097188,0.090917,0.00040284,0.00012823,1.4524e-05,1.4218e-05,1,2.1835,0.544,0.544,0
-1.1531,0.048379,0.044369,0.00035939,0.0001144,7.4156e-06,7.0985e-06,1,2.1864,0.546,0.546,0
-1.147,0.015709,0.013199,0.00033014,0.00010509,2.6766e-06,2.3929e-06,1,2.1892,0.548,0.548,0
-1.1447,-0.00082457,-0.0025945,0.00031506,0.00010029,3.0774e-07,1.008e-07,1,2.192,0.55,0.55,0
-1.1447,0.00010033,-0.0020344,0.00031458,0.00010014,2.1077e-07,1.0497e-07,1,2.1949,0.552,0.552,0
-1.1447,0.0012452,-0.0013462,0.00031418,0.00010001,1.2026e-07,1.3123e-07,1,2.1977,0.554,0.554,0
-1.1447,0.00261,-0.00053009,0.00031386,9.9904e-05,3.6203e-08,1.7957e-07,1,2.2005,0.556,0.556,0
-1.1447,0.0041949,0.00041408,0.00031361,9.9826e-05,-4.1395e-08,2.5001e-07,1,2.2033,0.558,0.558,0
-1.1447,0.0059996,0.0014862,0.00031344,9.9772e-05,-1.1253e-07,3.4253e-07,1,2.2062,0.56,0.56,0
-1.1447,0.0049679,0.0011128,0.00031349,9.9786e-05,-8.188e-08,2.4083e-07,1,2.209,0.562,0.562,0
-1.1447,0.0039271,0.0012689,0.00031355,9.9806e-05,-1.1671e-07,1.5034e-07,1,2.2118,0.564,0.564,0
-1.1447,0.002877,0.0019547,0.00031363,9.9831e-05,-2.1702e-07,7.1073e-08,1,2.2147,0.566,0.566,0
-1.1447,0.0018178,0.00317,0.00031373,9.9863e-05,-3.8282e-07,3.0247e-09,1,2.2175,0.568,0.568,0
-1.1447,0.00074942,0.004915,0.00031385,9.99e-05,-6.1409e-07,-5.3802e-08,1,2.2203,0.57,0.57,0
-1.1447,-7.9855e-05,0.003191,0.00031411,9.9984e-05,-4.547e-07,-4.758e-08,1,2.2231,0.572,0.572,0
-1.1447,-0.00099523,0.0017745,0.00031434,0.00010006,-3.2561e-07,-5.0159e-08,1,2.226,0.574,0.574,0
-1.1447,-0.0019967,0.00066546,0.00031455,0.00010012,-2.2681e-07,-6.1541e-08,1,2.2288,0.576,0.576,0
-1.1447,-0.0030844,-0.00013615,0.00031472,0.00010018,-1.5832e-07,-8.1725e-08,1,2.2316,0.578,0.578,0
-1.1447,-0.0042582,-0.00063028,0.00031487,0.00010022,-1.2014e-07,-1.1071e-07,1,2.2345,0.58,0.58,0
-1.1447,-0.004317,-0.0014267,0.00031475,0.00010019,-6.3131e-08,-1.447e-07,1,2.2373,0.582,0.582,0
-1.1447,-0.0040537,-0.0019601,0.00031463,0.00010015,-3.7329e-08,-1.5256e-07,1,2.2401,0.584,0.584,0
-1.1447,-0.0034684,-0.0022306,0.00031452,0.00010011,-4.273e-08,-1.3428e-07,1,2.2429,0.586,0.586,0
-1.1447,-0.002561,-0.0022383,0.00031441,0.00010008,-7.9333e-08,-8.9871e-08,1,2.2458,0.588,0.588,0
-1.1447,-0.0013315,-0.001983,0.00031429,0.00010004,-1.4714e-07,-1.9326e-08,1,2.2486,0.59,0.59,0
-1.1447,0.00071474,-0.0025496,0.00031441,0.00010008,-6.2647e-08,1.1206e-07,1,2.2514,0.592,0.592,0
-1.1447,0.0025642,-0.0027481,0.00031452,0.00010011,-2.2133e-08,2.4362e-07,1,2.2543,0.594,0.594,0
-1.1447,0.004217,-0.0025785,0.00031463,0.00010015,-2.5595e-08,3.7536e-07,1,2.2571,0.596,0.596,0
-1.1447,0.005673,-0.0020407,0.00031474,0.00010018,-7.3033e-08,5.0728e-07,1,2.2599,0.598,0.598,0
-1.1447,0.0069323,-0.0011347,0.00031485,0.00010022,-1.6445e-07,6.3938e-07,1,2.2627,0.6,0.6,0
-1.1447,0.005315,-0.00096238,0.00031475,0.00010019,-6.329e-08,4.72e-07,1,2.2656,0.602,0.602,0
-1.1447,0.0041238,-0.00045669,0.00031457,0.00010013,5.4629e-09,3.591e-07,1,2.2684,0.604,0.604,0
-1.1447,0.0033586,0.00038237,0.00031432,0.00010005,4.1812e-08,3.0067e-07,1,2.2712,0.606,0.606,0
-1.1447,0.0030195,0.0015548,0.00031398,9.9941e-05,4.5754e-08,2.9673e-07,1,2.2741,0.608,0.608,0
-1.1447,0.0031065,0.0030605,0.00031355,9.9807e-05,1.7291e-08,3.4726e-07,1,2.2769,0.61,0.61,0
-1.1447,0.0032013,0.0029838,0.00031343,9.9768e-05,4.255e-08,3.2628e-07,1,2.2797,0.612,0.612,0
-1.1447,0.0032145,0.0030549,0.00031329,9.9724e-05,3.4676e-08,3.0173e-07,1,2.2825,0.614,0.614,0
-1.1447,0.0031463,0.0032737,0.00031314,9.9674e-05,-6.3297e-09,2.7363e-07,1,2.2854,0.616,0.616,0
-1.1447,0.0029965,0.0036403,0.00031296,9.9618e-05,-8.0468e-08,2.4196e-07,1,2.2882,0.618,0.618,0
-1.1447,0.0027653,0.0041548,0.00031277,9.9557e-05,-1.8774e-07,2.0673e-07,1,2.291,0.62,0.62,0
-1.1447,0.0030889,0.0035282,0.00031303,9.9642e-05,-1.9747e-07,2.3125e-07,1,2.2939,0.622,0.622,0
-1.1447,0.0034061,0.0030188,0.00031327,9.9718e-05,-1.9517e-07,2.5349e-07,1,2.2967,0.624,0.624,0
-1.1447,0.0037171,0.0026265,0.00031348,9.9785e-05,-1.8082e-07,2.7345e-07,1,2.2995,0.626,0.626,0
-1.1447,0.0040217,0.0023514,0.00031367,9.9843e-05,-1.5444e-07,2.9112e-07,1,2.3023,0.628,0.628,0
-1.1447,0.00432,0.0021935,0.00031382,9.9892e-05,-1.1602e-07,3.065e-07,1,2.3052,0.63,0.63,0
-1.1447,0.0025726,0.0024326,0.00031407,9.997e-05,-1.7736e-07,2.0501e-07,1,2.308,0.632,0.632,0
-1.1447,0.00076226,0.0032091,0.00031421,0.00010002,-2.862e-07,9.0877e-08,1,2.3108,0.634,0.634,0
-1.1447,-0.0011109,0.0045231,0.00031425,0.00010003,-4.4254e-07,-3.5909e-08,1,2.3137,0.636,0.636,0
-1.1447,-0.0030471,0.0063746,0.0003142,0.00010001,-6.4638e-07,-1.7535e-07,1,2.3165,0.638,0.638,0
-1.1447,-0.0050461,0.0087634,0.00031404,9.9961e-05,-8.9771e-07,-3.2744e-07,1,2.3193,0.64,0.64,0
-1.1447,-0.0038102,0.0067061,0.00031402,9.9955e-05,-6.5414e-07,-2.2373e-07,1,2.3221,0.642,0.642,0
-1.1447,-0.0021852,0.0047642,0.00031397,9.9939e-05,-4.141e-07,-9.3002e-08,1,2.325,0.644,0.644,0
-1.1447,-0.00017094,0.0029374,0.00031389,9.9914e-05,-1.7758e-07,6.4741e-08,1,2.3278,0.646,0.646,0
-1.1447,0.0022325,0.0012259,0.00031378,9.988e-05,5.5422e-08,2.4949e-07,1,2.3306,0.648,0.648,0
-1.1447,0.0050251,-0.0003704,0.00031364,9.9836e-05,2.849e-07,4.6126e-07,1,2.3335,0.65,0.65,0
-1.1447,0.0044732,1.1668e-05,0.00031374,9.9867e-05,2.0743e-07,4.0083e-07,1,2.3363,0.652,0.652,0
-1.1447,0.0036758,0.0006711,0.00031385,9.9902e-05,9.994e-08,3.1312e-07,1,2.3391,0.654,0.654,0
-1.1447,0.0026329,0.0016079,0.00031397,9.9938e-05,-3.7571e-08,1.9812e-07,1,2.3419,0.656,0.656,0
-1.1447,0.0013446,0.0028221,0.00031409,9.9977e-05,-2.051e-07,5.5836e-08,1,2.3448,0.658,0.658,0
-1.1447,-0.00018914,0.0043137,0.00031422,0.00010002,-4.0264e-07,-1.1373e-07,1,2.3476,0.66,0.66,0
-1.1447,0.00014042,0.004397,0.00031433,0.00010005,-4.3929e-07,-5.265e-08,1,2.3504,0.662,0.662,0
-1.1447,0.0002775,0.0045666,0.00031447,0.0001001,-4.62e-07,-2.6201e-08,1,2.3533,0.664,0.664,0
-1.1447,0.0002221,0.0048224,0.00031466,0.00010016,-4.7078e-07,-3.4387e-08,1,2.3561,0.666,0.666,0
-1.1447,-2.5776e-05,0.0051645,0.00031488,0.00010023,-4.6563e-07,-7.7207e-08,1,2.3589,0.668,0.668,0
-1.1447,-0.00046614,0.0055929,0.00031514,0.00010031,-4.4655e-07,-1.5466e-07,1,2.3617,0.67,0.67,0
-1.1447,0.00020331,0.0036584,0.00031482,0.00010021,-2.6372e-07,-1.1242e-07,1,2.3646,0.672,0.672,0
-1.1447,0.0011916,0.0021952,0.00031458,0.00010013,-1.2018e-07,-1.9359e-08,1,2.3674,0.674,0.674,0
-1.1447,0.0024987,0.0012036,0.00031443,0.00010009,-1.5944e-08,1.2452e-07,1,2.3702,0.676,0.676,0
-1.1447,0.0041246,0.00068334,0.00031436,0.00010006,4.9e-08,3.1921e-07,1,2.3731,0.678,0.678,0
-1.1447,0.0060693,0.00063454,0.00031438,0.00010007,7.4651e-08,5.6472e-07,1,2.3759,0.68,0.68,0
-1.1447,0.0048488,-5.9157e-05,0.0003143,0.00010005,8.5805e-08,4.5236e-07,1,2.3787,0.682,0.682,0
-1.1447,0.0032379,-0.00016276,0.0003143,0.00010004,4.6375e-08,3.0303e-07,1,2.3815,0.684,0.684,0
-1.1447,0.0012367,0.00032374,0.00031436,0.00010006,-4.3639e-08,1.1676e-07,1,2.3844,0.686,0.686,0
-1.1447,-0.0011548,0.0014004,0.00031448,0.0001001,-1.8424e-07,-1.0648e-07,1,2.3872,0.688,0.688,0
-1.1447,-0.0039366,0.0030671,0.00031468,0.00010017,-3.7542e-07,-3.6667e-07,1,2.39,0.69,0.69,0
-1.1447,-0.0035007,0.0018825,0.0003145,0.00010011,-3.025e-07,-3.5224e-07,1,2.3928,0.692,0.692,0
-1.1447,-0.002516,0.00057074,0.00031433,0.00010005,-1.9372e-07,-2.8965e-07,1,2.3957,0.694,0.694,0
-1.1447,-0.00098234,-0.000868,0.00031418,0.00010001,-4.9093e-08,-1.789e-07,1,2.3985,0.696,0.696,0
-1.1447,0.0011003,-0.0024338,0.00031405,9.9967e-05,1.314e-07,-1.9989e-08,1,2.4013,0.698,0.698,0
-1.1447,0.0037318,-0.0041267,0.00031394,9.9931e-05,3.4774e-07,1.8707e-07,1,2.4042,0.7,0.7,0
-1.1447,0.0044557,-0.0034724,0.00031402,9.9954e-05,3.1249e-07,2.3337e-07,1,2.407,0.702,0.702,0
-1.1447,0.0050197,-0.0027684,0.00031413,9.9991e-05,2.7573e-07,2.7065e-07,1,2.4098,0.704,0.704,0
-1.1447,0.0054235,-0.0020148,0.00031429,0.00010004,2.3748e-07,2.9892e-07,1,2.4126,0.706,0.706,0
-1.1447,0.0056673,-0.0012114,0.00031449,0.0001001,1.9771e-07,3.1818e-07,1,2.4155,0.708,0.708,0
-1.1447,0.0057511,-0.00035833,0.00031473,0.00010018,1.5645e-07,3.2843e-07,1,2.4183,0.71,0.71,0
-1.1447,0.0044349,-0.00028097,0.00031484,0.00010022,1.2544e-07,2.4463e-07,1,2.4211,0.712,0.712,0
-1.1447,0.003287,-0.00047275,0.00031487,0.00010023,1.1774e-07,1.9123e-07,1,2.424,0.714,0.714,0
-1.1447,0.0023074,-0.00093367,0.00031482,0.00010021,1.3335e-07,1.6822e-07,1,2.4268,0.716,0.716,0
-1.1447,0.0014962,-0.0016637,0.0003147,0.00010017,1.7226e-07,1.7561e-07,1,2.4296,0.718,0.718,0
-1.1447,0.00085334,-0.0026629,0.0003145,0.00010011,2.3448e-07,2.134e-07,1,2.4324,0.72,0.72,0
-1.1447,-0.00030129,-0.00114,0.00031418,0.00010001,7.1661e-08,8.8599e-08,1,2.4353,0.722,0.722,0
-1.1447,-0.00082464,7.0348e-05,0.00031391,9.9919e-05,-6.3596e-08,2.9758e-08,1,2.4381,0.724,0.724,0
-1.1447,-0.00071669,0.00096825,0.00031367,9.9845e-05,-1.713e-07,3.6877e-08,1,2.4409,0.726,0.726,0
-1.1447,2.2547e-05,0.0015536,0.00031348,9.9785e-05,-2.5143e-07,1.0995e-07,1,2.4438,0.728,0.728,0
-1.1447,0.0013931,0.0018265,0.00031334,9.9738e-05,-3.04e-07,2.4899e-07,1,2.4466,0.73,0.73,0
-1.1447,0.0025172,0.0014247,0.00031352,9.9798e-05,-1.8585e-07,2.8804e-07,1,2.4494,0.732,0.732,0
-1.1447,0.0033722,0.00097504,0.00031366,9.984e-05,-6.9579e-08,3.0921e-07,1,2.4522,0.734,0.734,0
-1.1447,0.0039581,0.00047748,0.00031374,9.9866e-05,4.4799e-08,3.1251e-07,1,2.4551,0.736,0.736,0
-1.1447,0.004275,-6.7975e-05,0.00031376,9.9874e-05,1.5729e-07,2.9792e-07,1,2.4579,0.738,0.738,0
-1.1447,0.0043227,-0.00066133,0.00031373,9.9865e-05,2.6789e-07,2.6546e-07,1,2.4607,0.74,0.74,0
-1.1447,0.0022547,0.00045294,0.00031373,9.9862e-05,8.9985e-08,9.9619e-08,1,2.4636,0.742,0.742,0
-1.1447,0.0004217,0.0017626,0.00031372,9.986e-05,-9.8879e-08,-5.4818e-08,1,2.4664,0.744,0.744,0
-1.1447,-0.0011763,0.0032677,0.00031372,9.9859e-05,-2.9869e-07,-1.9784e-07,1,2.4692,0.746,0.746,0
-1.1447,-0.0025394,0.0049682,0.00031371,9.9858e-05,-5.0946e-07,-3.2946e-07,1,2.472,0.748,0.748,0
-1.1447,-0.0036674,0.0068641,0.00031371,9.9857e-05,-7.3117e-07,-4.4966e-07,1,2.4749,0.75,0.75,0
-1.1447,-0.0027176,0.0055076,0.00031378,9.9879e-05,-5.4391e-07,-3.389e-07,1,2.4777,0.752,0.752,0
-1.1447,-0.0016272,0.0044396,0.00031382,9.9893e-05,-3.9015e-07,-2.1482e-07,1,2.4805,0.754,0.754,0
-1.1447,-0.00039634,0.00366,0.00031384,9.9899e-05,-2.6989e-07,-7.7441e-08,1,2.4834,0.756,0.756,0
-1.1447,0.00097515,0.003169,0.00031383,9.9897e-05,-1.8312e-07,7.3249e-08,1,2.4862,0.758,0.758,0
-1.1447,0.0024871,0.0029665,0.0003138,9.9887e-05,-1.2986e-07,2.3724e-07,1,2.489,0.76,0.76,0
-1.1447,0.0029008,0.0018119,0.00031384,9.9897e-05,-2.756e-08,2.4373e-07,1,2.4918,0.762,0.762,0
-1.1447,0.0031989,0.0010386,0.00031382,9.9891e-05,4.1279e-08,2.423e-07,1,2.4947,0.764,0.764,0
-1.1447,0.0033815,0.00064638,0.00031375,9.987e-05,7.666e-08,2.3294e-07,1,2.4975,0.766,0.766,0
-1.1447,0.0034486,0.0006353,0.00031363,9.9831e-05,7.8581e-08,2.1566e-07,1,2.5003,0.768,0.768,0
-1.1447,0.0034001,0.0010054,0.00031346,9.9777e-05,4.7043e-08,1.9046e-07,1,2.5032,0.77,0.77,0
-1.1447,0.0028735,0.0017091,0.00031362,9.9828e-05,-8.3723e-08,1.9254e-07,1,2.506,0.772,0.772,0
-1.1447,0.0022762,0.0022295,0.00031379,9.9881e-05,-1.9646e-07,1.8717e-07,1,2.5088,0.774,0.774,0
-1.1447,0.0016079,0.0025665,0.00031396,9.9936e-05,-2.9119e-07,1.7436e-07,1,2.5116,0.776,0.776,0
-1.1447,0.00086878,0.0027201,0.00031414,9.9993e-05,-3.6788e-07,1.5411e-07,1,2.5145,0.778,0.778,0
-1.1447,5.8791e-05,0.0026904,0.00031432,0.00010005,-4.2656e-07,1.2641e-07,1,2.5173,0.78,0.78,0
-1.1447,-0.00075874,0.0024773,0.00031448,0.0001001,-3.2678e-07,5.1294e-08,1,2.5201,0.782,0.782,0
-1.1447,-0.0013732,0.0021635,0.00031459,0.00010014,-2.3239e-07,-2.3455e-08,1,2.523,0.784,0.784,0
-1.1447,-0.0017847,0.0017489,0.00031464,0.00010015,-1.434e-07,-9.7838e-08,1,2.5258,0.786,0.786,0
-1.1447,-0.0019931,0.0012334,0.00031463,0.00010015,-5.9807e-08,-1.7185e-07,1,2.5286,0.788,0.788,0
-1.1447,-0.0019984,0.00061724,0.00031457,0.00010013,1.8389e-08,-2.4549e-07,1,2.5314,0.79,0.79,0
-1.1447,-0.0016043,0.0012015,0.00031445,0.00010009,-4.016e-08,-1.7829e-07,1,2.5343,0.792,0.792,0
-1.1447,-0.0012506,0.0017103,0.00031437,0.00010007,-9.624e-08,-1.1001e-07,1,2.5371,0.794,0.794,0
-1.1447,-0.00093726,0.0021436,0.00031432,0.00010005,-1.4985e-07,-4.0665e-08,1,2.5399,0.796,0.796,0
-1.1447,-0.00066427,0.0025015,0.0003143,0.00010005,-2.0098e-07,2.9749e-08,1,2.5428,0.798,0.798,0
-1.1447,-0.00043164,0.002784,0.00031432,0.00010005,-2.4965e-07,1.0123e-07,1,2.5456,0.8,0.8,0
-1.1447,0.00036598,0.0019849,0.00031431,0.00010005,-1.7013e-07,1.3016e-07,1,2.5484,0.802,0.802,0
-1.1447,0.0014914,0.0011594,0.0003143,0.00010005,-7.974e-08,1.9945e-07,1,2.5512,0.804,0.804,0
-1.1447,0.0029446,0.00030743,0.00031431,0.00010005,2.1521e-08,3.0909e-07,1,2.5541,0.806,0.806,0
-1.1447,0.0047256,-0.00057098,0.00031433,0.00010005,1.3366e-07,4.5908e-07,1,2.5569,0.808,0.808,0
-1.1447,0.0068343,-0.0014758,0.00031436,0.00010006,2.5666e-07,6.4943e-07,1,2.5597,0.81,0.81,0
-1.1447,0.0057313,-0.0013998,0.00031424,0.00010002,2.2797e-07,5.291e-07,1,2.5626,0.812,0.812,0
-1.1447,0.0047131,-0.00068836,0.00031418,0.00010001,1.3974e-07,4.332e-07,1,2.5654,0.814,0.814,0
-1.1447,0.0037796,0.00065856,0.00031418,0.00010001,-8.0106e-09,3.6172e-07,1,2.5682,0.816,0.816,0
-1.1447,0.0029307,0.002641,0.00031424,0.00010003,-2.1529e-07,3.1466e-07,1,2.571,0.818,0.818,0
-1.1447,0.0021666,0.0052589,0.00031436,0.00010006,-4.821e-07,2.9203e-07,1,2.5739,0.82,0.82,0
-1.1447,0.0018835,0.0035608,0.00031448,0.0001001,-3.3575e-07,2.1395e-07,1,2.5767,0.822,0.822,0
-1.1447,0.0021761,0.0021399,0.00031458,0.00010013,-2.0042e-07,2.091e-07,1,2.5795,0.824,0.824,0
-1.1447,0.0030445,0.00099608,0.00031465,0.00010016,-7.6086e-08,2.7747e-07,1,2.5824,0.826,0.826,0
-1.1447,0.0044887,0.00012933,0.00031471,0.00010017,3.7242e-08,4.1906e-07,1,2.5852,0.828,0.828,0
-1.1447,0.0065086,-0.00046028,0.00031474,0.00010018,1.3956e-07,6.3387e-07,1,2.588,0.83,0.83,0
-1.1447,0.0051119,-0.0015981,0.0003146,0.00010014,2.0769e-07,4.6246e-07,1,2.5908,0.832,0.832,0
-1.1447,0.0041704,-0.0020987,0.00031441,0.00010008,2.2015e-07,3.5521e-07,1,2.5937,0.834,0.834,0
-1.1447,0.003684,-0.001962,0.00031416,0.0001,1.7693e-07,3.1213e-07,1,2.5965,0.836,0.836,0
-1.1447,0.0036529,-0.001188,0.00031385,9.9902e-05,7.8042e-08,3.3322e-07,1,2.5993,0.838,0.838,0
-1.1447,0.004077,0.00022324,0.00031349,9.9786e-05,-7.6516e-08,4.1847e-07,1,2.6022,0.84,0.84,0
-1.1447,0.0023874,-0.00047654,0.00031366,9.9842e-05,-8.3578e-08,2.6117e-07,1,2.605,0.842,0.842,0
-1.1447,0.00097453,-0.00086501,0.00031381,9.9889e-05,-1.1437e-07,1.3006e-07,1,2.6078,0.844,0.844,0
-1.1447,-0.00016153,-0.00094222,0.00031393,9.9928e-05,-1.689e-07,2.513e-08,1,2.6106,0.846,0.846,0
-1.1447,-0.0010208,-0.00070814,0.00031403,9.9959e-05,-2.4716e-07,-5.3609e-08,1,2.6135,0.848,0.848,0
-1.1447,-0.0016032,-0.00016279,0.0003141,9.9981e-05,-3.4915e-07,-1.0616e-07,1,2.6163,0.85,0.85,0
-1.1447,-0.0027355,-0.00072042,0.00031425,0.00010003,-2.0058e-07,-2.3867e-07,1,2.6191,0.852,0.852,0
-1.1447,-0.0032853,-0.0012372,0.00031435,0.00010006,-6.8825e-08,-3.0225e-07,1,2.622,0.854,0.854,0
-1.1447,-0.0032527,-0.001713,0.0003144,0.00010008,4.6103e-08,-2.9689e-07,1,2.6248,0.856,0.856,0
-1.1447,-0.0026377,-0.002148,0.00031439,0.00010007,1.442e-07,-2.226e-07,1,2.6276,0.858,0.858,0
-1.1447,-0.0014402,-0.0025421,0.00031434,0.00010006,2.2548e-07,-7.9366e-08,1,2.6304,0.86,0.86,0
-1.1447,0.00019373,-0.0030607,0.00031425,0.00010003,2.6235e-07,6.2262e-08,1,2.6333,0.862,0.862,0
-1.1447,0.0011094,-0.0036311,0.00031416,0.0001,3.083e-07,1.3596e-07,1,2.6361,0.864,0.864,0
-1.1447,0.0013066,-0.004253,0.00031408,9.9974e-05,3.6334e-07,1.4174e-07,1,2.6389,0.866,0.866,0
-1.1447,0.00078552,-0.0049265,0.00031399,9.9948e-05,4.2745e-07,7.9579e-08,1,2.6418,0.868,0.868,0
-1.1447,-0.00045394,-0.0056517,0.00031391,9.9922e-05,5.0065e-07,-5.0511e-08,1,2.6446,0.87,0.87,0
-1.1447,-0.0010729,-0.0037683,0.00031364,9.9836e-05,3.124e-07,-1.2479e-07,1,2.6474,0.872,0.872,0
-1.1447,-0.0012954,-0.0024913,0.00031344,9.9773e-05,1.8637e-07,-1.5536e-07,1,2.6502,0.874,0.874,0
-1.1447,-0.0011216,-0.0018208,0.00031332,9.9732e-05,1.226e-07,-1.422e-07,1,2.6531,0.876,0.876,0
-1.1447,-0.00055145,-0.0017568,0.00031326,9.9714e-05,1.2105e-07,-8.5331e-08,1,2.6559,0.878,0.878,0
-1.1447,0.00041505,-0.0022992,0.00031327,9.9718e-05,1.8175e-07,1.5259e-08,1,2.6587,0.88,0.88,0
-1.1447,0.001631,-0.0017384,0.00031328,9.9722e-05,1.4124e-07,5.6308e-08,1,2.6616,0.882,0.882,0
-1.1447,0.002642,-0.00094703,0.00031333,9.9737e-05,6.7723e-08,9.5521e-08,1,2.6644,0.884,0.884,0
-1.1447,0.003448,7.5089e-05,0.00031341,9.9763e-05,-3.8785e-08,1.329e-07,1,2.6672,0.886,0.886,0
-1.1447,0.0040491,0.0013279,0.00031353,9.9801e-05,-1.7829e-07,1.6844e-07,1,2.67,0.888,0.888,0
-1.1447,0.0044453,0.0028115,0.00031369,9.985e-05,-3.508e-07,2.0215e-07,1,2.6729,0.89,0.89,0
-1.1447,0.0057445,0.0024326,0.00031384,9.9899e-05,-2.177e-07,2.6477e-07,1,2.6757,0.892,0.892,0
-1.1448,0.007102,0.0019781,0.00031396,9.9936e-05,-4.8026e-08,3.409e-07,1,2.6785,0.894,0.894,0
-1.1448,0.0085177,0.0014479,0.00031404,9.9962e-05,1.5825e-07,4.3056e-07,1,2.6813,0.896,0.896,0
-1.1448,0.0099916,0.00084211,0.00031409,9.9978e-05,4.011e-07,5.3372e-07,1,2.6842,0.898,0.898,0
-1.1448,0.011524,0.00016061,0.0003141,9.9982e-05,6.8055e-07,6.5041e-07,1,2.687,0.9,0.9,0
-1.1448,0.010106,0.00088387,0.00031355,9.9805e-05,5.7064e-07,5.9265e-07,1,2.6898,0.902,0.902,0
-1.1448,0.0089849,0.0019437,0.00031305,9.9646e-05,4.3113e-07,5.6355e-07,1,2.6927,0.904,0.904,0
-1.1448,0.0081611,0.0033401,0.0003126,9.9504e-05,2.6202e-07,5.6312e-07,1,2.6955,0.906,0.906,0
-1.1448,0.0076344,0.005073,0.00031221,9.9379e-05,6.3314e-08,5.9135e-07,1,2.6983,0.908,0.908,0
-1.1448,0.0074048,0.0071426,0.00031187,9.9272e-05,-1.65e-07,6.4825e-07,1,2.7011,0.91,0.91,0
-1.1448,0.0063966,0.0077237,0.00031182,9.9255e-05,-2.0588e-07,6.9717e-07,1,2.704,0.912,0.912,0
-1.1448,0.0058731,0.0083554,0.00031179,9.9245e-05,-2.3692e-07,7.8228e-07,1,2.7068,0.914,0.914,0
-1.1448,0.0058342,0.0090375,0.00031177,9.9241e-05,-2.5811e-07,9.0358e-07,1,2.7096,0.916,0.916,0
-1.1448,0.00628,0.0097702,0.00031178,9.9243e-05,-2.6944e-07,1.0611e-06,1,2.7125,0.918,0.918,0
-1.1448,0.0072104,0.010553,0.00031181,9.9252e-05,-2.7093e-07,1.2547e-06,1,2.7153,0.92,0.92,0
-1.1448,0.0066314,0.010476,0.00031187,9.9271e-05,-3.4931e-07,1.2053e-06,1,2.7181,0.922,0.922,0
-1.1448,0.006115,0.010494,0.00031193,9.9291e-05,-4.1604e-07,1.1674e-06,1,2.7209,0.924,0.924,0
-1.1448,0.0056612,0.010607,0.000312,9.9312e-05,-4.711e-07,1.141e-06,1,2.7238,0.926,0.926,0
-1.1448,0.0052699,0.010814,0.00031206,9.9333e-05,-5.1449e-07,1.126e-06,1,2.7266,0.928,0.928,0
-1.1448,0.0049413,0.011116,0.00031213,9.9355e-05,-5.4622e-07,1.1225e-06,1,2.7294,0.93,0.93,0
-1.1448,0.0043671,0.011071,0.00031218,9.9371e-05,-6.0663e-07,1.0761e-06,1,2.7323,0.932,0.932,0
-1.1448,0.0038649,0.011107,0.00031224,9.9391e-05,-6.5621e-07,1.0455e-06,1,2.7351,0.934,0.934,0
-1.1448,0.0034348,0.011223,0.00031232,9.9415e-05,-6.9495e-07,1.0308e-06,1,2.7379,0.936,0.936,0
-1.1448,0.0030769,0.01142,0.00031241,9.9444e-05,-7.2287e-07,1.0318e-06,1,2.7407,0.938,0.938,0
-1.1448,0.002791,0.011697,0.00031252,9.9478e-05,-7.3995e-07,1.0487e-06,1,2.7436,0.94,0.94,0
-1.1448,0.0022017,0.011798,0.00031264,9.9518e-05,-7.8639e-07,1.0113e-06,1,2.7464,0.942,0.942,0
-1.1448,0.0016278,0.011977,0.00031274,9.9549e-05,-8.2772e-07,9.8499e-07,1,2.7492,0.944,0.944,0
-1.1448,0.0010695,0.012232,0.00031282,9.9573e-05,-8.6394e-07,9.6992e-07,1,2.7521,0.946,0.946,0
-1.1448,0.00052656,0.012566,0.00031287,9.9589e-05,-8.9506e-07,9.6605e-07,1,2.7549,0.948,0.948,0
-1.1448,-8.3421e-07,0.012976,0.0003129,9.9598e-05,-9.2106e-07,9.7337e-07,1,2.7577,0.95,0.95,0
-1.1448,-0.00093232,0.013818,0.00031294,9.9611e-05,-9.5894e-07,9.9577e-07,1,2.7605,0.952,0.952,0
-1.1448,-0.0018527,0.014666,0.00031298,9.9623e-05,-9.957e-07,1.0199e-06,1,2.7634,0.954,0.954,0
-1.1448,-0.0027619,0.015518,0.00031301,9.9635e-05,-1.0313e-06,1.0457e-06,1,2.7662,0.956,0.956,0
-1.1448,-0.0036601,0.016375,0.00031305,9.9647e-05,-1.0659e-06,1.0733e-06,1,2.769,0.958,0.958,0
-1.1448,-0.0045472,0.017237,0.00031309,9.9659e-05,-1.0993e-06,1.1026e-06,1,2.7719,0.96,0.96,0
-1.1448,-0.0053862,0.018197,0.00031313,9.9674e-05,-1.1272e-06,1.1423e-06,1,2.7747,0.962,0.962,0
-1.1448,-0.0061753,0.019081,0.00031318,9.9687e-05,-1.1538e-06,1.1783e-06,1,2.7775,0.964,0.964,0
-1.1448,-0.0069144,0.019888,0.00031321,9.9699e-05,-1.1789e-06,1.2105e-06,1,2.7803,0.966,0.966,0
-1.1448,-0.0076035,0.020618,0.00031324,9.9709e-05,-1.2027e-06,1.239e-06,1,2.7832,0.968,0.968,0
-1.1448,-0.0082425,0.021271,0.00031327,9.9717e-05,-1.225e-06,1.2638e-06,1,2.786,0.97,0.97,0
-1.1448,-0.0084483,0.021768,0.00031324,9.9709e-05,-1.2272e-06,1.2898e-06,1,2.7888,0.972,0.972,0
-1.1448,-0.0086414,0.022206,0.00031322,9.9702e-05,-1.2298e-06,1.3124e-06,1,2.7917,0.974,0.974,0
-1.1448,-0.0088219,0.022586,0.00031321,9.9697e-05,-1.2327e-06,1.3317e-06,1,2.7945,0.976,0.976,0
-1.1448,-0.0089898,0.022907,0.00031319,9.9693e-05,-1.236e-06,1.3477e-06,1,2.7973,0.978,0.978,0
-1.1448,-0.0091451,0.023169,0.00031319,9.969e-05,-1.2396e-06,1.3603e-06,1,2.8001,0.98,0.98,0
-1.1448,-0.0084013,0.024174,0.00031337,9.9747e-05,-1.0027e-06,1.1059e-06,1,2.803,0.982,0.982,0
-1.1448,-0.0077394,0.025064,0.00031353,9.9799e-05,-7.9103e-07,8.7754e-07,1,2.8058,0.984,0.984,0
-1.1449,-0.0071594,0.025839,0.00031367,9.9845e-05,-6.0464e-07,6.7538e-07,1,2.8086,0.986,0.986,0
-1.1449,-0.0066611,0.0265,0.0003138,9.9886e-05,-4.4352e-07,4.9937e-07,1,2.8115,0.988,0.988,0
-1.1449,-0.0062447,0.027046,0.00031391,9.9921e-05,-3.0767e-07,3.4951e-07,1,2.8143,0.99,0.99,0
-1.1449,-0.0058958,0.02744,0.000314,9.995e-05,-1.9691e-07,2.2368e-07,1,2.8171,0.992,0.992,0
-1.1449,-0.0056244,0.027746,0.00031407,9.9972e-05,-1.1076e-07,1.2582e-07,1,2.8199,0.994,0.994,0
-1.1449,-0.0054306,0.027965,0.00031412,9.9987e-05,-4.9228e-08,5.5921e-08,1,2.8228,0.996,0.996,0
-1.1449,-0.0053143,0.028097,0.00031415,9.9997e-05,-1.2307e-08,1.398e-08,1,2.8256,0.998,0.998,0
-1.1449,-0.0052755,0.02814,0.00031416,0.0001,-1.6093e-22,-1.1967e-21,1,2.8284,1,1,0
